datetime,t2m_max,t2m_min,t2m_mean,rh_max,rh_min,rh_mean,ws_max,ws_min,ws_mean,lat,lon,alt,rs,geometry
2016-01-01 00:00:00+00:00,39.8,24.5,31.8125,33.058290046790475,13.809097358116446,24.280257671863705,6.7,1.5,3.475,-19.983,23.417,945.0,609.6437222222222,b'\x01\x01\x00\x00\x00\x98n\x12\x83\xc0j7@\xcf\xf7S\xe3\xa5\xfb3\xc0'
2016-01-02 00:00:00+00:00,39.7,26.2,33.457142857142856,36.92660654150191,15.37530759509827,25.20546339217242,2.6,1.0,1.7714285714285716,-19.983,23.417,945.0,586.2531666666666,b'\x01\x01\x00\x00\x00\x98n\x12\x83\xc0j7@\xcf\xf7S\xe3\xa5\xfb3\xc0'
2016-01-03 00:00:00+00:00,30.1,30.1,30.1,45.382364084039736,45.382364084039736,45.382364084039736,4.1,4.1,4.1,-19.983,23.417,945.0,557.0843888888888,b'\x01\x01\x00\x00\x00\x98n\x12\x83\xc0j7@\xcf\xf7S\xe3\xa5\xfb3\xc0'
2016-01-04 00:00:00+00:00,38.0,27.3,33.06666666666667,30.59722611228069,7.912473028384327,16.196055231827586,7.7,3.1,4.633333333333334,-19.983,23.417,945.0,701.4219444444444,b'\x01\x01\x00\x00\x00\x98n\x12\x83\xc0j7@\xcf\xf7S\xe3\xa5\xfb3\xc0'
2016-01-05 00:00:00+00:00,37.8,25.4,30.98333333333333,28.66917663996562,7.4830179008320865,19.239734617409297,6.2,3.1,4.616666666666666,-19.983,23.417,945.0,719.1375555555555,b'\x01\x01\x00\x00\x00\x98n\x12\x83\xc0j7@\xcf\xf7S\xe3\xa5\xfb3\xc0'
2016-01-06 00:00:00+00:00,40.3,25.6,33.67142857142857,27.160036127665578,10.769189170285756,18.35716888564869,7.2,1.0,3.9,-19.983,23.417,945.0,718.5562777777778,b'\x01\x01\x00\x00\x00\x98n\x12\x83\xc0j7@\xcf\xf7S\xe3\xa5\xfb3\xc0'
2016-01-07 00:00:00+00:00,42.6,25.1,35.58571428571428,25.01883246951407,8.760465563113987,15.4934113453842,4.1,0.0,2.414285714285714,-19.983,23.417,945.0,706.7875555555555,b'\x01\x01\x00\x00\x00\x98n\x12\x83\xc0j7@\xcf\xf7S\xe3\xa5\xfb3\xc0'
2016-01-08 00:00:00+00:00,41.0,26.7,32.55714285714286,37.632575803728535,13.773380277652702,27.331978999053003,7.2,1.5,3.6714285714285713,-19.983,23.417,945.0,611.1468888888888,b'\x01\x01\x00\x00\x00\x98n\x12\x83\xc0j7@\xcf\xf7S\xe3\xa5\xfb3\xc0'
2016-01-09 00:00:00+00:00,37.9,27.1,31.9875,47.37088539988432,20.705119502636617,34.74088565476829,8.8,0.0,5.014285714285714,-19.983,23.417,945.0,656.95,b'\x01\x01\x00\x00\x00\x98n\x12\x83\xc0j7@\xcf\xf7S\xe3\xa5\xfb3\xc0'
2016-01-10 00:00:00+00:00,33.7,27.9,31.4,47.14837107112055,30.140717996400014,36.92020612803625,5.7,2.1,3.25,-19.983,23.417,945.0,604.8625,b'\x01\x01\x00\x00\x00\x98n\x12\x83\xc0j7@\xcf\xf7S\xe3\xa5\xfb3\xc0'
2016-01-11 00:00:00+00:00,36.5,23.4,30.057142857142857,69.92393739267627,22.794935161231493,45.71364161086693,5.7,1.0,2.7285714285714286,-19.983,23.417,945.0,528.5875555555556,b'\x01\x01\x00\x00\x00\x98n\x12\x83\xc0j7@\xcf\xf7S\xe3\xa5\xfb3\xc0'
2016-01-12 00:00:00+00:00,30.9,22.6,26.575,78.15081440727337,41.73033887296121,60.75484871985792,3.6,0.0,2.3875,-19.983,23.417,945.0,537.3937222222222,b'\x01\x01\x00\x00\x00\x98n\x12\x83\xc0j7@\xcf\xf7S\xe3\xa5\xfb3\xc0'
2016-01-13 00:00:00+00:00,34.7,20.7,28.425,81.91539360067422,28.69253744265575,51.60717454502949,3.1,0.0,1.8125,-19.983,23.417,945.0,515.6874444444445,b'\x01\x01\x00\x00\x00\x98n\x12\x83\xc0j7@\xcf\xf7S\xe3\xa5\xfb3\xc0'
2016-01-14 00:00:00+00:00,32.9,22.5,26.325,73.37552617094617,39.94891867613085,61.3104598757185,2.1,1.0,1.825,-19.983,23.417,945.0,474.4625,b'\x01\x01\x00\x00\x00\x98n\x12\x83\xc0j7@\xcf\xf7S\xe3\xa5\xfb3\xc0'
2016-01-15 00:00:00+00:00,32.1,19.9,25.78,74.54006608751507,45.34800998163044,60.441974299631966,4.6,0.5,2.95,-19.983,23.417,945.0,486.4843888888889,b'\x01\x01\x00\x00\x00\x98n\x12\x83\xc0j7@\xcf\xf7S\xe3\xa5\xfb3\xc0'
2016-01-16 00:00:00+00:00,26.5,22.8,24.05,91.82298444814788,65.46025135547659,79.58285195274492,7.2,0.0,4.114285714285715,-19.983,23.417,945.0,301.5062222222222,b'\x01\x01\x00\x00\x00\x98n\x12\x83\xc0j7@\xcf\xf7S\xe3\xa5\xfb3\xc0'
2016-01-17 00:00:00+00:00,26.1,21.0,22.36666666666667,100.0,67.02477456980604,87.88058485890576,4.1,2.1,3.6,-19.983,23.417,945.0,289.975,b'\x01\x01\x00\x00\x00\x98n\x12\x83\xc0j7@\xcf\xf7S\xe3\xa5\xfb3\xc0'
2016-01-18 00:00:00+00:00,28.0,20.6,23.28,80.87416317944125,51.89860867537005,66.30174336235335,5.7,1.5,3.9,-19.983,23.417,945.0,295.60938888888893,b'\x01\x01\x00\x00\x00\x98n\x12\x83\xc0j7@\xcf\xf7S\xe3\xa5\xfb3\xc0'
2016-01-19 00:00:00+00:00,32.4,27.1,29.75,47.23682997163328,38.323846692789154,42.780338332211215,4.1,3.1,3.6,-19.983,23.417,945.0,553.7531666666666,b'\x01\x01\x00\x00\x00\x98n\x12\x83\xc0j7@\xcf\xf7S\xe3\xa5\xfb3\xc0'
2016-01-20 00:00:00+00:00,32.7,24.2,28.6,60.97875032374049,33.792875448898094,47.43690004684407,4.1,0.5,2.1333333333333333,-19.983,23.417,945.0,581.475,b'\x01\x01\x00\x00\x00\x98n\x12\x83\xc0j7@\xcf\xf7S\xe3\xa5\xfb3\xc0'
2016-01-21 00:00:00+00:00,32.2,25.0,28.042857142857144,58.87537026593407,42.127770953681,51.78319041821028,4.6,1.5,3.228571428571428,-19.983,23.417,945.0,562.8968888888888,b'\x01\x01\x00\x00\x00\x98n\x12\x83\xc0j7@\xcf\xf7S\xe3\xa5\xfb3\xc0'
2016-01-22 00:00:00+00:00,29.7,21.0,24.15,95.21053683159022,58.06387612446219,82.23148988255582,7.7,0.5,3.4125,-19.983,23.417,945.0,352.77188888888884,b'\x01\x01\x00\x00\x00\x98n\x12\x83\xc0j7@\xcf\xf7S\xe3\xa5\xfb3\xc0'
2016-01-23 00:00:00+00:00,26.3,21.1,22.357142857142858,96.37519441425212,62.62219677688369,88.09660381725622,4.1,1.5,3.014285714285714,-19.983,23.417,945.0,292.8281111111111,b'\x01\x01\x00\x00\x00\x98n\x12\x83\xc0j7@\xcf\xf7S\xe3\xa5\xfb3\xc0'
2016-01-24 00:00:00+00:00,21.0,21.0,21.0,96.37249559695172,96.37249559695172,96.37249559695172,0.5,0.5,0.5,-19.983,23.417,945.0,373.2968333333333,b'\x01\x01\x00\x00\x00\x98n\x12\x83\xc0j7@\xcf\xf7S\xe3\xa5\xfb3\xc0'
2016-01-25 00:00:00+00:00,30.2,23.3,26.433333333333334,75.3779037554851,54.11245736689154,62.97635160828477,2.6,0.5,1.9,-19.983,23.417,945.0,599.1812777777778,b'\x01\x01\x00\x00\x00\x98n\x12\x83\xc0j7@\xcf\xf7S\xe3\xa5\xfb3\xc0'
2016-01-26 00:00:00+00:00,34.8,21.1,26.73333333333333,91.15401459508762,30.833011906612207,63.36495721826856,2.6,0.0,1.0166666666666666,-19.983,23.417,945.0,656.075,b'\x01\x01\x00\x00\x00\x98n\x12\x83\xc0j7@\xcf\xf7S\xe3\xa5\xfb3\xc0'
2016-01-27 00:00:00+00:00,27.2,22.0,24.56,79.54728307059689,56.839630866498894,68.62800788825267,5.7,2.1,3.22,-19.983,23.417,945.0,587.4406111111111,b'\x01\x01\x00\x00\x00\x98n\x12\x83\xc0j7@\xcf\xf7S\xe3\xa5\xfb3\xc0'
2016-01-28 00:00:00+00:00,33.7,23.8,27.6,71.77945683608566,30.73293586768349,54.01414444764495,5.1,2.1,3.4,-19.983,23.417,945.0,658.6062222222223,b'\x01\x01\x00\x00\x00\x98n\x12\x83\xc0j7@\xcf\xf7S\xe3\xa5\xfb3\xc0'
2016-01-29 00:00:00+00:00,29.7,21.8,25.9,95.21760279599738,47.67555123925272,69.52368451834212,7.2,0.0,3.0,-19.983,23.417,945.0,513.1000555555555,b'\x01\x01\x00\x00\x00\x98n\x12\x83\xc0j7@\xcf\xf7S\xe3\xa5\xfb3\xc0'
2016-01-30 00:00:00+00:00,31.0,21.9,25.557142857142857,88.97754958804927,43.93014283112731,73.66064641272744,7.2,0.5,3.0142857142857147,-19.983,23.417,945.0,457.8843333333333,b'\x01\x01\x00\x00\x00\x98n\x12\x83\xc0j7@\xcf\xf7S\xe3\xa5\xfb3\xc0'
2016-01-31 00:00:00+00:00,24.7,24.7,24.7,71.49446849767588,71.49446849767588,71.49446849767588,3.6,3.6,3.6,-19.983,23.417,945.0,586.2344444444445,b'\x01\x01\x00\x00\x00\x98n\x12\x83\xc0j7@\xcf\xf7S\xe3\xa5\xfb3\xc0'
2016-02-02 00:00:00+00:00,32.9,24.0,28.14,71.36731964883181,38.70577647240879,55.93703433564622,3.1,1.5,2.28,-19.983,23.417,945.0,533.5281111111111,b'\x01\x01\x00\x00\x00\x98n\x12\x83\xc0j7@\xcf\xf7S\xe3\xa5\xfb3\xc0'
2016-02-03 00:00:00+00:00,32.7,21.0,26.33333333333333,84.03957599096519,41.43244072728851,62.60272921377352,3.6,0.5,2.216666666666667,-19.983,23.417,945.0,625.2750555555556,b'\x01\x01\x00\x00\x00\x98n\x12\x83\xc0j7@\xcf\xf7S\xe3\xa5\xfb3\xc0'
2016-02-04 00:00:00+00:00,35.0,23.7,28.15,76.38806288044655,43.70272894159685,61.7158242700812,5.7,2.1,3.12,-19.983,23.417,945.0,585.2218888888889,b'\x01\x01\x00\x00\x00\x98n\x12\x83\xc0j7@\xcf\xf7S\xe3\xa5\xfb3\xc0'
2016-02-05 00:00:00+00:00,33.1,23.2,26.683333333333334,74.45707599828299,41.80251775386631,64.6101962593061,6.7,0.5,3.1833333333333336,-19.983,23.417,945.0,634.8343888888888,b'\x01\x01\x00\x00\x00\x98n\x12\x83\xc0j7@\xcf\xf7S\xe3\xa5\xfb3\xc0'
2016-02-06 00:00:00+00:00,32.7,22.3,27.725,76.64936162006995,44.66595613764749,60.19447013072684,3.6,1.5,2.45,-19.983,23.417,945.0,611.2062222222222,b'\x01\x01\x00\x00\x00\x98n\x12\x83\xc0j7@\xcf\xf7S\xe3\xa5\xfb3\xc0'
2016-02-07 00:00:00+00:00,23.8,23.8,23.8,81.28712563035198,81.28712563035198,81.28712563035198,1.5,1.5,1.5,-19.983,23.417,945.0,596.9968888888889,b'\x01\x01\x00\x00\x00\x98n\x12\x83\xc0j7@\xcf\xf7S\xe3\xa5\xfb3\xc0'
2016-02-10 00:00:00+00:00,35.3,26.0,31.625,54.42959711452027,31.770694673975235,42.13655226018515,2.6,1.5,1.925,-19.983,23.417,945.0,605.1656666666667,b'\x01\x01\x00\x00\x00\x98n\x12\x83\xc0j7@\xcf\xf7S\xe3\xa5\xfb3\xc0'
2016-02-11 00:00:00+00:00,34.3,21.4,28.45,74.12129782813045,39.74812677532778,53.95325591575681,8.8,0.0,3.8666666666666663,-19.983,23.417,945.0,621.7,b'\x01\x01\x00\x00\x00\x98n\x12\x83\xc0j7@\xcf\xf7S\xe3\xa5\xfb3\xc0'
2016-02-12 00:00:00+00:00,34.0,19.6,27.542857142857144,92.2073469204417,36.85574088649532,59.77368440163874,3.6,0.5,2.128571428571429,-19.983,23.417,945.0,592.5031111111111,b'\x01\x01\x00\x00\x00\x98n\x12\x83\xc0j7@\xcf\xf7S\xe3\xa5\xfb3\xc0'
2016-02-13 00:00:00+00:00,31.5,22.1,25.55,80.06109571885862,46.625194295482856,66.82886768859724,4.6,2.1,3.35,-19.983,23.417,945.0,586.2718888888888,b'\x01\x01\x00\x00\x00\x98n\x12\x83\xc0j7@\xcf\xf7S\xe3\xa5\xfb3\xc0'
2016-02-14 00:00:00+00:00,35.0,24.8,28.1,86.01189791310743,36.665841804175486,63.66011438282651,9.3,2.1,4.4,-19.983,23.417,945.0,571.2031111111112,b'\x01\x01\x00\x00\x00\x98n\x12\x83\xc0j7@\xcf\xf7S\xe3\xa5\xfb3\xc0'
2016-02-15 00:00:00+00:00,33.7,21.5,26.23333333333333,91.74563446111402,40.67399301950433,68.98889382823468,4.6,1.0,2.1333333333333333,-19.983,23.417,945.0,517.575,b'\x01\x01\x00\x00\x00\x98n\x12\x83\xc0j7@\xcf\xf7S\xe3\xa5\xfb3\xc0'
2016-02-16 00:00:00+00:00,33.3,22.2,27.5,85.22503814568503,42.64904918121447,65.08720206184034,3.6,0.0,1.8125,-19.983,23.417,945.0,557.0968888888889,b'\x01\x01\x00\x00\x00\x98n\x12\x83\xc0j7@\xcf\xf7S\xe3\xa5\xfb3\xc0'
2016-02-17 00:00:00+00:00,35.4,22.8,27.857142857142858,79.1623178245659,35.86325408649574,59.84108053513314,3.1,0.5,1.6857142857142855,-19.983,23.417,945.0,533.2406111111111,b'\x01\x01\x00\x00\x00\x98n\x12\x83\xc0j7@\xcf\xf7S\xe3\xa5\xfb3\xc0'
2016-02-18 00:00:00+00:00,35.2,23.6,27.71666666666667,71.29431079581262,30.7436732947789,53.38179039821285,6.7,0.0,3.016666666666667,-19.983,23.417,945.0,610.4781111111112,b'\x01\x01\x00\x00\x00\x98n\x12\x83\xc0j7@\xcf\xf7S\xe3\xa5\xfb3\xc0'
2016-02-19 00:00:00+00:00,36.0,21.8,29.275,69.6180269602075,31.731124544052108,48.99864507651412,4.6,1.0,2.55,-19.983,23.417,945.0,538.5437777777778,b'\x01\x01\x00\x00\x00\x98n\x12\x83\xc0j7@\xcf\xf7S\xe3\xa5\xfb3\xc0'
2016-02-20 00:00:00+00:00,32.1,22.9,26.4,66.37042596964702,39.729712816556045,55.82288330116066,3.1,0.5,1.65,-19.983,23.417,945.0,561.1375,b'\x01\x01\x00\x00\x00\x98n\x12\x83\xc0j7@\xcf\xf7S\xe3\xa5\xfb3\xc0'
2016-02-21 00:00:00+00:00,38.1,25.6,32.8,56.450432482342194,29.78969407707193,41.10888050463924,3.1,1.0,1.84,-19.983,23.417,945.0,543.125,b'\x01\x01\x00\x00\x00\x98n\x12\x83\xc0j7@\xcf\xf7S\xe3\xa5\xfb3\xc0'
2016-02-22 00:00:00+00:00,28.1,21.8,25.64,88.41993509270921,52.58422904958822,68.62890546838878,2.1,1.5,1.62,-19.983,23.417,945.0,544.4281111111111,b'\x01\x01\x00\x00\x00\x98n\x12\x83\xc0j7@\xcf\xf7S\xe3\xa5\xfb3\xc0'
2016-02-23 00:00:00+00:00,30.3,21.6,25.316666666666663,88.95389452740015,50.55870287665537,72.2190596671041,5.7,0.5,3.433333333333333,-19.983,23.417,945.0,441.9218333333333,b'\x01\x01\x00\x00\x00\x98n\x12\x83\xc0j7@\xcf\xf7S\xe3\xa5\xfb3\xc0'
2016-02-24 00:00:00+00:00,31.3,22.5,25.866666666666664,87.93325149883533,46.57206347012898,71.17876146355873,4.1,2.1,3.016666666666667,-19.983,23.417,945.0,506.5343888888889,b'\x01\x01\x00\x00\x00\x98n\x12\x83\xc0j7@\xcf\xf7S\xe3\xa5\xfb3\xc0'
2016-02-25 00:00:00+00:00,35.1,24.4,29.28333333333333,77.52336986984163,34.88944471210394,57.839957694892895,4.1,1.0,2.216666666666667,-19.983,23.417,945.0,542.0593333333334,b'\x01\x01\x00\x00\x00\x98n\x12\x83\xc0j7@\xcf\xf7S\xe3\xa5\xfb3\xc0'
2016-02-26 00:00:00+00:00,26.1,21.1,23.71666666666667,96.9712046997067,72.63555629465829,85.32522740365427,5.1,0.5,2.55,-19.983,23.417,945.0,225.88127777777777,b'\x01\x01\x00\x00\x00\x98n\x12\x83\xc0j7@\xcf\xf7S\xe3\xa5\xfb3\xc0'
2016-02-27 00:00:00+00:00,21.8,21.8,21.8,96.98696591219704,96.98696591219704,96.98696591219704,0.5,0.5,0.5,-19.983,23.417,945.0,522.8656111111111,b'\x01\x01\x00\x00\x00\x98n\x12\x83\xc0j7@\xcf\xf7S\xe3\xa5\xfb3\xc0'
2016-02-29 00:00:00+00:00,22.7,22.7,22.7,85.2765315124113,85.2765315124113,85.2765315124113,4.1,4.1,4.1,-19.983,23.417,945.0,284.20011111111114,b'\x01\x01\x00\x00\x00\x98n\x12\x83\xc0j7@\xcf\xf7S\xe3\xa5\xfb3\xc0'
2016-03-01 00:00:00+00:00,30.6,22.2,25.2625,88.45286281535736,53.54542054599729,74.05353380331925,5.1,2.1,3.6625,-19.983,23.417,945.0,354.7718888888889,b'\x01\x01\x00\x00\x00\x98n\x12\x83\xc0j7@\xcf\xf7S\xe3\xa5\xfb3\xc0'
2016-03-02 00:00:00+00:00,33.2,21.6,26.925,94.04507456804264,31.40197476878211,60.541686412587296,4.1,1.5,2.5625,-19.983,23.417,945.0,626.8531666666667,b'\x01\x01\x00\x00\x00\x98n\x12\x83\xc0j7@\xcf\xf7S\xe3\xa5\xfb3\xc0'
2016-03-03 00:00:00+00:00,33.2,20.6,27.1125,73.51355188045937,24.618052095982648,47.63523598026876,5.7,3.1,4.05,-19.983,23.417,945.0,620.89065431722,b'\x01\x01\x00\x00\x00\x98n\x12\x83\xc0j7@\xcf\xf7S\xe3\xa5\xfb3\xc0'
2016-03-04 00:00:00+00:00,30.7,20.8,26.175,70.34729596997322,46.7051118890445,58.45713973297674,4.6,3.1,3.975,-19.983,23.417,945.0,357.8626101345486,b'\x01\x01\x00\x00\x00\x98n\x12\x83\xc0j7@\xcf\xf7S\xe3\xa5\xfb3\xc0'
2016-03-05 00:00:00+00:00,22.0,21.7,21.85,86.24098556056438,84.15029745167602,85.19564150612021,2.6,1.0,1.8,-19.983,23.417,945.0,436.1969305555555,b'\x01\x01\x00\x00\x00\x98n\x12\x83\xc0j7@\xcf\xf7S\xe3\xa5\xfb3\xc0'
2016-03-07 00:00:00+00:00,23.6,22.4,23.1,94.07989822335936,86.36609614824317,90.35269126585102,4.1,1.0,2.175,-19.983,23.417,945.0,281.2655954861111,b'\x01\x01\x00\x00\x00\x98n\x12\x83\xc0j7@\xcf\xf7S\xe3\xa5\xfb3\xc0'
2016-03-08 00:00:00+00:00,25.5,21.4,22.58333333333333,98.17703680741111,79.05113142970471,93.64049120673492,5.1,2.1,2.766666666666667,-19.983,23.417,945.0,257.7562413194444,b'\x01\x01\x00\x00\x00\x98n\x12\x83\xc0j7@\xcf\xf7S\xe3\xa5\xfb3\xc0'
2016-03-09 00:00:00+00:00,29.9,21.3,25.2,95.83817134078828,56.781785762661,80.73566162878215,2.6,0.5,1.7,-19.983,23.417,945.0,352.2968333333333,b'\x01\x01\x00\x00\x00\x98n\x12\x83\xc0j7@\xcf\xf7S\xe3\xa5\xfb3\xc0'
2016-03-10 00:00:00+00:00,32.5,21.3,25.9125,98.1797674786568,37.866307373425904,73.84077936362496,4.1,1.0,1.925,-19.983,23.417,945.0,498.21568923611113,b'\x01\x01\x00\x00\x00\x98n\x12\x83\xc0j7@\xcf\xf7S\xe3\xa5\xfb3\xc0'
2016-03-11 00:00:00+00:00,31.0,20.4,25.75714285714286,96.3562396245616,51.69178546610673,72.61708285346974,4.1,0.5,2.5,-19.983,23.417,945.0,433.1625399305556,b'\x01\x01\x00\x00\x00\x98n\x12\x83\xc0j7@\xcf\xf7S\xe3\xa5\xfb3\xc0'
2016-03-12 00:00:00+00:00,30.5,20.6,25.2,89.43173599003302,50.72073638005218,72.71433434948355,6.2,2.1,3.55,-19.983,23.417,945.0,377.6656649305556,b'\x01\x01\x00\x00\x00\x98n\x12\x83\xc0j7@\xcf\xf7S\xe3\xa5\xfb3\xc0'
2016-03-13 00:00:00+00:00,22.2,22.2,22.2,84.17230815633675,84.17230815633675,84.17230815633675,2.6,2.6,2.6,-19.983,23.417,945.0,423.06559374999995,b'\x01\x01\x00\x00\x00\x98n\x12\x83\xc0j7@\xcf\xf7S\xe3\xa5\xfb3\xc0'
2016-03-14 00:00:00+00:00,28.0,22.2,25.1,94.07122069253548,64.56860575309092,78.92944925352354,6.2,2.1,3.3200000000000003,-19.983,23.417,945.0,475.7812048611111,b'\x01\x01\x00\x00\x00\x98n\x12\x83\xc0j7@\xcf\xf7S\xe3\xa5\xfb3\xc0'
2016-03-15 00:00:00+00:00,30.5,21.6,25.44,93.46704904064536,59.78445064036215,78.26768516790291,4.6,2.6,3.7,-19.983,23.417,945.0,369.5937378472222,b'\x01\x01\x00\x00\x00\x98n\x12\x83\xc0j7@\xcf\xf7S\xe3\xa5\xfb3\xc0'
2016-03-16 00:00:00+00:00,27.4,20.3,23.514285714285712,98.16190804764338,67.5620588439348,85.68051211667607,5.1,1.0,2.271428571428572,-19.983,23.417,945.0,305.10937673611113,b'\x01\x01\x00\x00\x00\x98n\x12\x83\xc0j7@\xcf\xf7S\xe3\xa5\xfb3\xc0'
2016-03-17 00:00:00+00:00,29.0,20.6,24.5,98.77406323257436,67.6029912702051,84.8365143614232,2.6,0.5,1.7166666666666668,-19.983,23.417,945.0,354.21247743055557,b'\x01\x01\x00\x00\x00\x98n\x12\x83\xc0j7@\xcf\xf7S\xe3\xa5\xfb3\xc0'
2016-03-18 00:00:00+00:00,27.2,20.9,23.7125,98.174300006065,72.3831186482966,87.75479251891554,3.6,1.5,2.25,-19.983,23.417,945.0,286.5344045138889,b'\x01\x01\x00\x00\x00\x98n\x12\x83\xc0j7@\xcf\xf7S\xe3\xa5\xfb3\xc0'
2016-03-19 00:00:00+00:00,28.9,21.3,23.5125,100.0,67.99556830455536,91.88489314833062,2.1,0.5,1.475,-19.983,23.417,945.0,376.15627256944447,b'\x01\x01\x00\x00\x00\x98n\x12\x83\xc0j7@\xcf\xf7S\xe3\xa5\xfb3\xc0'
2016-03-20 00:00:00+00:00,29.9,22.0,26.725,98.1852105037232,58.55803911979337,74.69116239040682,4.1,0.5,1.775,-19.983,23.417,945.0,459.65316301133896,b'\x01\x01\x00\x00\x00\x98n\x12\x83\xc0j7@\xcf\xf7S\xe3\xa5\xfb3\xc0'
2016-03-21 00:00:00+00:00,32.5,22.2,26.0875,95.81661333454176,28.662208305704105,66.21483170569398,4.1,0.0,1.925,-19.983,23.417,945.0,572.8187777777778,b'\x01\x01\x00\x00\x00\x98n\x12\x83\xc0j7@\xcf\xf7S\xe3\xa5\xfb3\xc0'
2016-03-22 00:00:00+00:00,32.5,19.8,25.9,72.43498859575087,26.62428347744548,47.830413932330856,4.6,1.5,3.275,-19.983,23.417,945.0,572.7562777777778,b'\x01\x01\x00\x00\x00\x98n\x12\x83\xc0j7@\xcf\xf7S\xe3\xa5\xfb3\xc0'
2016-03-23 00:00:00+00:00,30.7,19.6,23.64,84.41635095638773,37.61112938885434,67.47532204689968,7.7,2.6,4.52,-19.983,23.417,945.0,530.4843333333333,b'\x01\x01\x00\x00\x00\x98n\x12\x83\xc0j7@\xcf\xf7S\xe3\xa5\xfb3\xc0'
2016-03-24 00:00:00+00:00,30.3,21.1,25.225,84.05069846960251,49.61951440703122,68.65708778944929,6.7,2.1,3.72,-19.983,23.417,945.0,496.8593333333333,b'\x01\x01\x00\x00\x00\x98n\x12\x83\xc0j7@\xcf\xf7S\xe3\xa5\xfb3\xc0'
2016-03-25 00:00:00+00:00,29.6,20.5,24.380000000000003,91.11542604940328,53.62840385858026,75.32998358469409,4.1,2.6,3.1,-19.983,23.417,945.0,561.8718888888889,b'\x01\x01\x00\x00\x00\x98n\x12\x83\xc0j7@\xcf\xf7S\xe3\xa5\xfb3\xc0'
2016-03-26 00:00:00+00:00,30.6,20.6,25.457142857142856,91.1218746895584,51.58997974862673,70.93080550166461,6.2,1.0,2.7857142857142856,-19.983,23.417,945.0,463.6718333333333,b'\x01\x01\x00\x00\x00\x98n\x12\x83\xc0j7@\xcf\xf7S\xe3\xa5\xfb3\xc0'
2016-03-27 00:00:00+00:00,31.2,21.9,26.98,86.26034196869892,48.721895803573176,62.87557669613143,2.6,0.5,1.86,-19.983,23.417,945.0,473.5968888888889,b'\x01\x01\x00\x00\x00\x98n\x12\x83\xc0j7@\xcf\xf7S\xe3\xa5\xfb3\xc0'
2016-03-28 00:00:00+00:00,32.8,19.3,26.425,89.33220304761814,36.75985051734615,59.405801001170566,3.1,0.0,1.9375,-19.983,23.417,945.0,495.1906666666667,b'\x01\x01\x00\x00\x00\x98n\x12\x83\xc0j7@\xcf\xf7S\xe3\xa5\xfb3\xc0'
2016-03-29 00:00:00+00:00,33.3,19.3,25.95,71.57972299074127,29.643114224292194,51.96537130957931,3.6,0.5,2.25,-19.983,23.417,945.0,570.7093888888888,b'\x01\x01\x00\x00\x00\x98n\x12\x83\xc0j7@\xcf\xf7S\xe3\xa5\xfb3\xc0'
2016-03-30 00:00:00+00:00,34.0,20.4,26.785714285714285,63.27002029231284,27.769165877439523,47.14295018881391,5.1,1.0,3.0,-19.983,23.417,945.0,561.325,b'\x01\x01\x00\x00\x00\x98n\x12\x83\xc0j7@\xcf\xf7S\xe3\xa5\xfb3\xc0'
2016-03-31 00:00:00+00:00,33.7,19.4,26.4375,63.5175342376094,28.743860614819084,46.692825818010526,5.1,1.0,2.8875,-19.983,23.417,945.0,569.4625,b'\x01\x01\x00\x00\x00\x98n\x12\x83\xc0j7@\xcf\xf7S\xe3\xa5\xfb3\xc0'
2016-04-01 00:00:00+00:00,32.5,17.3,25.3,73.41338322781999,35.72210903937988,55.808707423124815,3.6,0.5,2.2,-19.983,23.417,945.0,508.19372222222216,b'\x01\x01\x00\x00\x00\x98n\x12\x83\xc0j7@\xcf\xf7S\xe3\xa5\xfb3\xc0'
2016-04-02 00:00:00+00:00,34.2,18.2,26.7,87.0002728768003,27.6413795012164,51.826679539923816,4.1,1.0,2.5125,-19.983,23.417,945.0,558.8656111111111,b'\x01\x01\x00\x00\x00\x98n\x12\x83\xc0j7@\xcf\xf7S\xe3\xa5\xfb3\xc0'
2016-04-03 00:00:00+00:00,22.1,22.1,22.1,56.31537118504789,56.31537118504789,56.31537118504789,3.1,3.1,3.1,-19.983,23.417,945.0,557.0718888888889,b'\x01\x01\x00\x00\x00\x98n\x12\x83\xc0j7@\xcf\xf7S\xe3\xa5\xfb3\xc0'
2016-04-04 00:00:00+00:00,27.7,27.7,27.7,62.92970773691368,62.92970773691368,62.92970773691368,6.2,6.2,6.2,-19.983,23.417,945.0,370.7813333333333,b'\x01\x01\x00\x00\x00\x98n\x12\x83\xc0j7@\xcf\xf7S\xe3\xa5\xfb3\xc0'
2016-04-05 00:00:00+00:00,28.3,27.0,27.65,66.38056294097146,60.76612912436675,63.57334603266911,6.2,0.5,3.35,-19.983,23.417,945.0,397.28433333333334,b'\x01\x01\x00\x00\x00\x98n\x12\x83\xc0j7@\xcf\xf7S\xe3\xa5\xfb3\xc0'
2016-04-06 00:00:00+00:00,27.6,20.8,22.857142857142858,92.27543367040356,66.50269741030709,83.59623205819686,4.6,1.0,2.9428571428571426,-19.983,23.417,945.0,326.2687222222222,b'\x01\x01\x00\x00\x00\x98n\x12\x83\xc0j7@\xcf\xf7S\xe3\xa5\xfb3\xc0'
2016-04-07 00:00:00+00:00,26.7,19.4,22.24285714285714,81.08226196979209,53.57409032322199,69.63789794532921,8.2,3.1,5.814285714285715,-19.983,23.417,945.0,249.2125,b'\x01\x01\x00\x00\x00\x98n\x12\x83\xc0j7@\xcf\xf7S\xe3\xa5\xfb3\xc0'
2016-04-08 00:00:00+00:00,26.2,15.1,19.65,83.36295068534145,52.43248414039852,70.40663155887295,6.2,3.6,5.233333333333333,-19.983,23.417,945.0,419.24677777777777,b'\x01\x01\x00\x00\x00\x98n\x12\x83\xc0j7@\xcf\xf7S\xe3\xa5\xfb3\xc0'
2016-04-09 00:00:00+00:00,26.6,17.0,21.325,83.04576519882514,52.53497973167246,70.06946110241677,5.1,3.1,4.1,-19.983,23.417,945.0,346.1093888888889,b'\x01\x01\x00\x00\x00\x98n\x12\x83\xc0j7@\xcf\xf7S\xe3\xa5\xfb3\xc0'
2016-04-10 00:00:00+00:00,17.9,17.9,17.9,78.45899375254,78.45899375254,78.45899375254,4.1,4.1,4.1,-19.983,23.417,945.0,296.4218888888889,b'\x01\x01\x00\x00\x00\x98n\x12\x83\xc0j7@\xcf\xf7S\xe3\xa5\xfb3\xc0'
2016-04-11 00:00:00+00:00,27.6,20.0,23.633333333333336,64.48812888539838,41.6266132548035,53.17061210363814,3.6,1.5,2.4,-19.983,23.417,945.0,389.2531111111111,b'\x01\x01\x00\x00\x00\x98n\x12\x83\xc0j7@\xcf\xf7S\xe3\xa5\xfb3\xc0'
2016-04-12 00:00:00+00:00,28.4,16.7,22.4875,77.26366877319491,41.577721781983016,58.11464812345675,4.1,2.1,3.0375,-19.983,23.417,945.0,466.13438888888885,b'\x01\x01\x00\x00\x00\x98n\x12\x83\xc0j7@\xcf\xf7S\xe3\xa5\xfb3\xc0'
2016-04-13 00:00:00+00:00,30.5,16.5,23.683333333333334,68.1188261067746,30.2581653814048,48.57722227667619,6.2,2.6,4.383333333333334,-19.983,23.417,945.0,533.5875,b'\x01\x01\x00\x00\x00\x98n\x12\x83\xc0j7@\xcf\xf7S\xe3\xa5\xfb3\xc0'
2016-04-14 00:00:00+00:00,30.0,19.1,24.56,60.58434857447437,28.553521532334653,45.285747788833774,5.7,2.6,4.12,-19.983,23.417,945.0,541.5281111111111,b'\x01\x01\x00\x00\x00\x98n\x12\x83\xc0j7@\xcf\xf7S\xe3\xa5\xfb3\xc0'
2016-04-15 00:00:00+00:00,30.5,19.0,23.8625,65.54906608504459,29.55181309475809,49.263314843005766,5.1,2.1,3.9125,-19.983,23.417,945.0,514.8921666666668,b'\x01\x01\x00\x00\x00\x98n\x12\x83\xc0j7@\xcf\xf7S\xe3\xa5\xfb3\xc0'
2016-04-16 00:00:00+00:00,29.3,18.8,23.285714285714285,70.24697078102471,41.55757239882509,59.76869887371326,4.1,1.0,2.9285714285714284,-19.983,23.417,945.0,373.8718888888889,b'\x01\x01\x00\x00\x00\x98n\x12\x83\xc0j7@\xcf\xf7S\xe3\xa5\xfb3\xc0'
2016-04-17 00:00:00+00:00,20.4,20.4,20.4,72.54239732641166,72.54239732641166,72.54239732641166,3.1,3.1,3.1,-19.983,23.417,945.0,378.8625,b'\x01\x01\x00\x00\x00\x98n\x12\x83\xc0j7@\xcf\xf7S\xe3\xa5\xfb3\xc0'
2016-04-18 00:00:00+00:00,33.1,23.4,29.18,51.37038497646154,32.69120288591071,40.6167523870363,3.6,2.6,2.8,-19.983,23.417,945.0,453.1187222222222,b'\x01\x01\x00\x00\x00\x98n\x12\x83\xc0j7@\xcf\xf7S\xe3\xa5\xfb3\xc0'
2016-04-19 00:00:00+00:00,33.3,17.5,27.08333333333333,75.39509273805926,30.632732170980407,45.91380886142212,3.6,1.5,2.316666666666667,-19.983,23.417,945.0,455.8359444444444,b'\x01\x01\x00\x00\x00\x98n\x12\x83\xc0j7@\xcf\xf7S\xe3\xa5\xfb3\xc0'
2016-04-20 00:00:00+00:00,32.7,17.8,23.71666666666667,66.16136881489018,27.6028786746236,51.475522650661816,3.1,1.5,2.316666666666667,-19.983,23.417,945.0,446.39216666666664,b'\x01\x01\x00\x00\x00\x98n\x12\x83\xc0j7@\xcf\xf7S\xe3\xa5\xfb3\xc0'
2016-04-21 00:00:00+00:00,32.1,16.8,24.4875,66.38938532379613,30.55979097488988,51.30388779079489,4.1,1.0,2.5142857142857147,-19.983,23.417,945.0,435.2578333333333,b'\x01\x01\x00\x00\x00\x98n\x12\x83\xc0j7@\xcf\xf7S\xe3\xa5\xfb3\xc0'
2016-04-22 00:00:00+00:00,34.0,18.0,24.9,73.536146391989,26.17536531508205,48.92609471521985,3.1,0.5,2.3714285714285714,-19.983,23.417,945.0,433.9281666666667,b'\x01\x01\x00\x00\x00\x98n\x12\x83\xc0j7@\xcf\xf7S\xe3\xa5\xfb3\xc0'
2016-04-23 00:00:00+00:00,33.7,18.2,26.557142857142857,66.24609988938025,26.617802150996724,45.741899685640746,3.6,0.5,1.8285714285714287,-19.983,23.417,945.0,405.65933333333334,b'\x01\x01\x00\x00\x00\x98n\x12\x83\xc0j7@\xcf\xf7S\xe3\xa5\xfb3\xc0'
2016-04-24 00:00:00+00:00,19.7,19.7,19.7,65.27073938450366,65.27073938450366,65.27073938450366,0.5,0.5,0.5,-19.983,23.417,945.0,383.7203333333333,b'\x01\x01\x00\x00\x00\x98n\x12\x83\xc0j7@\xcf\xf7S\xe3\xa5\xfb3\xc0'
2016-04-25 00:00:00+00:00,31.5,22.3,27.6,48.44540168711739,25.51377361554953,35.299256013354366,5.1,1.0,3.325,-19.983,23.417,945.0,472.7968333333333,b'\x01\x01\x00\x00\x00\x98n\x12\x83\xc0j7@\xcf\xf7S\xe3\xa5\xfb3\xc0'
2016-04-26 00:00:00+00:00,32.2,17.5,26.0,65.22598840543301,25.527916210626923,39.84680734446435,6.2,0.5,3.1,-19.983,23.417,945.0,485.93127777777784,b'\x01\x01\x00\x00\x00\x98n\x12\x83\xc0j7@\xcf\xf7S\xe3\xa5\xfb3\xc0'
2016-04-27 00:00:00+00:00,26.9,20.5,23.45,59.33435093886074,44.40869755031069,50.44841892429449,6.2,1.5,3.971428571428572,-19.983,23.417,945.0,428.875,b'\x01\x01\x00\x00\x00\x98n\x12\x83\xc0j7@\xcf\xf7S\xe3\xa5\xfb3\xc0'
2016-04-28 00:00:00+00:00,26.2,16.8,19.36,66.53729186166544,41.50979100470933,58.01164552115164,3.6,1.5,2.68,-19.983,23.417,945.0,487.67811111111115,b'\x01\x01\x00\x00\x00\x98n\x12\x83\xc0j7@\xcf\xf7S\xe3\xa5\xfb3\xc0'
2016-04-29 00:00:00+00:00,30.1,12.4,21.08333333333333,76.06726230557793,21.49468042104169,44.59265462567453,4.6,0.5,1.675,-19.983,23.417,945.0,488.4093888888889,b'\x01\x01\x00\x00\x00\x98n\x12\x83\xc0j7@\xcf\xf7S\xe3\xa5\xfb3\xc0'
2016-04-30 00:00:00+00:00,31.4,11.8,22.714285714285715,69.01994684313651,22.560927777372207,42.114588318654,3.6,0.5,1.475,-19.983,23.417,945.0,420.8,b'\x01\x01\x00\x00\x00\x98n\x12\x83\xc0j7@\xcf\xf7S\xe3\xa5\xfb3\xc0'
2016-05-01 00:00:00+00:00,32.6,19.4,26.7,46.37371507141216,20.510308786535603,32.4914609901792,3.1,0.5,1.84,-19.983,23.417,945.0,472.5156111111111,b'\x01\x01\x00\x00\x00\x98n\x12\x83\xc0j7@\xcf\xf7S\xe3\xa5\xfb3\xc0'
2016-05-02 00:00:00+00:00,31.0,16.3,23.7,77.20168517850287,24.53744624070772,46.10574225115476,2.6,0.5,1.5333333333333332,-19.983,23.417,945.0,459.7468333333333,b'\x01\x01\x00\x00\x00\x98n\x12\x83\xc0j7@\xcf\xf7S\xe3\xa5\xfb3\xc0'
2016-05-03 00:00:00+00:00,31.5,17.6,24.916666666666668,54.43749560272876,22.58657577490286,36.85948459719819,3.6,0.5,2.15,-19.983,23.417,945.0,475.8593888888889,b'\x01\x01\x00\x00\x00\x98n\x12\x83\xc0j7@\xcf\xf7S\xe3\xa5\xfb3\xc0'
2016-05-04 00:00:00+00:00,31.6,15.9,23.0,42.30472290673092,19.43878854473213,32.217931684011205,4.6,2.6,3.6,-19.983,23.417,945.0,476.9406666666667,b'\x01\x01\x00\x00\x00\x98n\x12\x83\xc0j7@\xcf\xf7S\xe3\xa5\xfb3\xc0'
2016-05-05 00:00:00+00:00,29.5,17.3,23.085714285714285,62.20849555918435,28.49956437397553,44.20836880968352,6.2,3.1,4.257142857142857,-19.983,23.417,945.0,465.47816666666665,b'\x01\x01\x00\x00\x00\x98n\x12\x83\xc0j7@\xcf\xf7S\xe3\xa5\xfb3\xc0'
2016-05-06 00:00:00+00:00,28.4,15.6,20.883333333333333,64.37517270471733,33.704905272398875,49.13944861462658,4.6,2.1,3.35,-19.983,23.417,945.0,459.2968333333333,b'\x01\x01\x00\x00\x00\x98n\x12\x83\xc0j7@\xcf\xf7S\xe3\xa5\xfb3\xc0'
2016-05-07 00:00:00+00:00,28.7,13.2,20.866666666666667,69.30244738960417,29.563316784586448,45.60397979321207,4.6,2.1,3.016666666666667,-19.983,23.417,945.0,464.8031666666667,b'\x01\x01\x00\x00\x00\x98n\x12\x83\xc0j7@\xcf\xf7S\xe3\xa5\xfb3\xc0'
2016-05-08 00:00:00+00:00,28.3,20.9,24.066666666666663,46.47455153794725,29.65262524285172,38.551792687360624,5.7,4.1,4.633333333333333,-19.983,23.417,945.0,461.26255555555554,b'\x01\x01\x00\x00\x00\x98n\x12\x83\xc0j7@\xcf\xf7S\xe3\xa5\xfb3\xc0'
2016-05-09 00:00:00+00:00,27.0,14.9,20.7875,65.18370419626952,32.647602106696326,49.47132518902495,7.2,3.6,4.8875,-19.983,23.417,945.0,459.9062777777778,b'\x01\x01\x00\x00\x00\x98n\x12\x83\xc0j7@\xcf\xf7S\xe3\xa5\xfb3\xc0'
2016-05-10 00:00:00+00:00,27.3,14.4,19.61428571428572,70.4860166385075,35.70211570781893,53.70595270823391,5.1,1.0,3.275,-19.983,23.417,945.0,457.25,b'\x01\x01\x00\x00\x00\x98n\x12\x83\xc0j7@\xcf\xf7S\xe3\xa5\xfb3\xc0'
2016-05-11 00:00:00+00:00,29.5,12.1,20.85,73.97575594035973,20.304286283480216,46.51776227420474,4.6,1.0,2.7625,-19.983,23.417,945.0,456.88122222222216,b'\x01\x01\x00\x00\x00\x98n\x12\x83\xc0j7@\xcf\xf7S\xe3\xa5\xfb3\xc0'
2016-05-12 00:00:00+00:00,28.2,10.1,19.575,74.13132497836547,23.53106256405521,45.96080714032475,5.7,0.5,2.7625,-19.983,23.417,945.0,455.72811111111116,b'\x01\x01\x00\x00\x00\x98n\x12\x83\xc0j7@\xcf\xf7S\xe3\xa5\xfb3\xc0'
2016-05-13 00:00:00+00:00,28.5,13.2,19.77142857142857,56.35128503304521,28.52799324045993,46.109741861862894,5.7,1.0,2.7857142857142856,-19.983,23.417,945.0,416.72344444444445,b'\x01\x01\x00\x00\x00\x98n\x12\x83\xc0j7@\xcf\xf7S\xe3\xa5\xfb3\xc0'
2016-05-14 00:00:00+00:00,28.0,15.6,20.775,70.24641402973096,27.440391899215467,45.60263664302602,4.1,1.0,2.7625,-19.983,23.417,945.0,443.1375,b'\x01\x01\x00\x00\x00\x98n\x12\x83\xc0j7@\xcf\xf7S\xe3\xa5\xfb3\xc0'
2016-05-15 00:00:00+00:00,27.5,16.3,21.8,35.316873324067465,22.41092562727322,28.548254155876283,3.6,2.1,2.8,-19.983,23.417,945.0,438.8812777777777,b'\x01\x01\x00\x00\x00\x98n\x12\x83\xc0j7@\xcf\xf7S\xe3\xa5\xfb3\xc0'
2016-05-16 00:00:00+00:00,26.7,12.9,17.585714285714285,51.35716940100088,23.7357830290684,41.09441254801834,4.6,0.5,2.357142857142857,-19.983,23.417,945.0,452.9375,b'\x01\x01\x00\x00\x00\x98n\x12\x83\xc0j7@\xcf\xf7S\xe3\xa5\xfb3\xc0'
2016-05-17 00:00:00+00:00,28.1,13.2,19.24285714285714,67.04027820488683,21.38656270802884,41.11303255543249,3.6,1.5,2.5142857142857147,-19.983,23.417,945.0,445.3156666666667,b'\x01\x01\x00\x00\x00\x98n\x12\x83\xc0j7@\xcf\xf7S\xe3\xa5\xfb3\xc0'
2016-05-18 00:00:00+00:00,27.7,14.7,20.785714285714285,63.35279261269158,28.474585249368605,44.94322523612131,5.7,2.1,3.7571428571428567,-19.983,23.417,945.0,434.9155555555555,b'\x01\x01\x00\x00\x00\x98n\x12\x83\xc0j7@\xcf\xf7S\xe3\xa5\xfb3\xc0'
2016-05-19 00:00:00+00:00,26.9,12.6,19.366666666666667,64.14195579338812,28.476452277236337,46.48313680301001,4.6,3.1,4.016666666666667,-19.983,23.417,945.0,437.564,b'\x01\x01\x00\x00\x00\x98n\x12\x83\xc0j7@\xcf\xf7S\xe3\xa5\xfb3\xc0'
2016-05-20 00:00:00+00:00,26.9,13.7,20.0875,74.25581297625726,21.406866640686843,46.65138357724972,7.2,2.6,4.5125,-19.983,23.417,945.0,434.43438888888886,b'\x01\x01\x00\x00\x00\x98n\x12\x83\xc0j7@\xcf\xf7S\xe3\xa5\xfb3\xc0'
2016-05-21 00:00:00+00:00,24.4,15.3,19.275,62.165495870581545,31.48020429732712,48.34806699415995,6.7,2.1,5.0875,-19.983,23.417,945.0,433.4625,b'\x01\x01\x00\x00\x00\x98n\x12\x83\xc0j7@\xcf\xf7S\xe3\xa5\xfb3\xc0'
2016-05-22 00:00:00+00:00,23.0,15.9,20.12,55.49774865293878,36.34407866125324,43.77936052191491,5.1,3.1,4.1,-19.983,23.417,945.0,411.925,b'\x01\x01\x00\x00\x00\x98n\x12\x83\xc0j7@\xcf\xf7S\xe3\xa5\xfb3\xc0'
2016-05-23 00:00:00+00:00,21.7,10.9,14.766666666666666,69.31565729890114,41.35368499891089,58.50303512924458,3.6,0.5,2.15,-19.983,23.417,945.0,424.2124444444445,b'\x01\x01\x00\x00\x00\x98n\x12\x83\xc0j7@\xcf\xf7S\xe3\xa5\xfb3\xc0'
2016-05-24 00:00:00+00:00,24.9,7.3,16.625,81.82873542475984,31.40489773802919,53.26477260302275,2.6,0.5,1.2,-19.983,23.417,945.0,404.06555555555553,b'\x01\x01\x00\x00\x00\x98n\x12\x83\xc0j7@\xcf\xf7S\xe3\xa5\xfb3\xc0'
2016-05-25 00:00:00+00:00,26.0,9.2,18.9875,73.97145616836444,24.39277207176142,44.05427686893498,3.6,0.5,1.7875,-19.983,23.417,945.0,354.75944444444445,b'\x01\x01\x00\x00\x00\x98n\x12\x83\xc0j7@\xcf\xf7S\xe3\xa5\xfb3\xc0'
2016-05-26 00:00:00+00:00,25.3,13.6,18.475,58.24364935971482,24.36145062969656,42.55882044811119,5.7,1.0,3.35,-19.983,23.417,945.0,374.9031111111111,b'\x01\x01\x00\x00\x00\x98n\x12\x83\xc0j7@\xcf\xf7S\xe3\xa5\xfb3\xc0'
2016-05-27 00:00:00+00:00,22.9,10.1,15.857142857142858,78.93911243977291,32.4905824805838,55.56283541957296,5.7,2.6,3.757142857142857,-19.983,23.417,945.0,400.8718888888889,b'\x01\x01\x00\x00\x00\x98n\x12\x83\xc0j7@\xcf\xf7S\xe3\xa5\xfb3\xc0'
2016-05-28 00:00:00+00:00,23.5,10.5,17.0,72.2719295446457,33.34532925934596,50.19838151324493,7.2,2.6,4.175,-19.983,23.417,945.0,384.3421666666667,b'\x01\x01\x00\x00\x00\x98n\x12\x83\xc0j7@\xcf\xf7S\xe3\xa5\xfb3\xc0'
2016-05-29 00:00:00+00:00,13.4,13.4,13.4,54.087587523983856,54.087587523983856,54.087587523983856,4.1,4.1,4.1,-19.983,23.417,945.0,418.8812777777778,b'\x01\x01\x00\x00\x00\x98n\x12\x83\xc0j7@\xcf\xf7S\xe3\xa5\xfb3\xc0'
2016-05-30 00:00:00+00:00,24.5,14.9,20.6,44.15895894441381,28.401575949572432,35.31046472889827,3.6,1.0,2.575,-19.983,23.417,945.0,417.0187777777778,b'\x01\x01\x00\x00\x00\x98n\x12\x83\xc0j7@\xcf\xf7S\xe3\xa5\xfb3\xc0'
2016-05-31 00:00:00+00:00,25.7,11.4,19.3,60.39303033571862,25.42723277228156,37.900046315430856,4.1,1.5,2.942857142857143,-19.983,23.417,945.0,399.325,b'\x01\x01\x00\x00\x00\x98n\x12\x83\xc0j7@\xcf\xf7S\xe3\xa5\xfb3\xc0'
2016-06-01 00:00:00+00:00,24.7,13.1,19.02857142857143,55.1561940962644,25.44340658083537,36.62600412489064,5.7,1.5,3.6,-19.983,23.417,945.0,414.97183333333334,b'\x01\x01\x00\x00\x00\x98n\x12\x83\xc0j7@\xcf\xf7S\xe3\xa5\xfb3\xc0'
2016-06-02 00:00:00+00:00,25.4,7.2,17.2625,64.26937601903533,24.37696683919483,41.15892976408851,5.1,0.5,2.5,-19.983,23.417,945.0,414.6,b'\x01\x01\x00\x00\x00\x98n\x12\x83\xc0j7@\xcf\xf7S\xe3\xa5\xfb3\xc0'
2016-06-03 00:00:00+00:00,26.8,7.1,17.685714285714287,75.17392416821244,25.477071826654324,46.15507282875748,3.1,0.0,1.9285714285714288,-19.983,23.417,945.0,410.5718333333333,b'\x01\x01\x00\x00\x00\x98n\x12\x83\xc0j7@\xcf\xf7S\xe3\xa5\xfb3\xc0'
2016-06-04 00:00:00+00:00,26.5,7.0,17.5625,78.96515464444279,28.56162080990584,50.48578469869232,3.1,0.5,1.8625,-19.983,23.417,945.0,404.7281111111111,b'\x01\x01\x00\x00\x00\x98n\x12\x83\xc0j7@\xcf\xf7S\xe3\xa5\xfb3\xc0'
2016-06-05 00:00:00+00:00,15.3,15.3,15.3,55.34327995719271,55.34327995719271,55.34327995719271,2.1,2.1,2.1,-19.983,23.417,945.0,337.73122222222224,b'\x01\x01\x00\x00\x00\x98n\x12\x83\xc0j7@\xcf\xf7S\xe3\xa5\xfb3\xc0'
2016-06-06 00:00:00+00:00,25.3,20.5,22.74,55.50834954495325,40.33305108888907,48.47857727906386,7.2,4.1,5.66,-19.983,23.417,945.0,303.61555555555555,b'\x01\x01\x00\x00\x00\x98n\x12\x83\xc0j7@\xcf\xf7S\xe3\xa5\xfb3\xc0'
2016-06-07 00:00:00+00:00,25.6,15.8,19.042857142857144,68.43214744818503,36.42759851863153,55.798684143000514,6.2,3.6,4.757142857142857,-19.983,23.417,945.0,291.8156111111111,b'\x01\x01\x00\x00\x00\x98n\x12\x83\xc0j7@\xcf\xf7S\xe3\xa5\xfb3\xc0'
2016-06-08 00:00:00+00:00,25.6,12.9,19.485714285714288,69.24220919629545,33.567795926017375,50.714748161029625,4.1,1.0,2.7285714285714286,-19.983,23.417,945.0,392.5952777777778,b'\x01\x01\x00\x00\x00\x98n\x12\x83\xc0j7@\xcf\xf7S\xe3\xa5\xfb3\xc0'
2016-06-09 00:00:00+00:00,25.7,9.5,17.8375,78.24755192414037,27.37672969112353,49.2936254550916,3.1,1.0,2.1875,-19.983,23.417,945.0,402.96405555555555,b'\x01\x01\x00\x00\x00\x98n\x12\x83\xc0j7@\xcf\xf7S\xe3\xa5\xfb3\xc0'
2016-06-10 00:00:00+00:00,26.0,7.2,17.0125,74.13458028219624,24.564376878728044,45.57587797096728,2.6,0.5,1.7375,-19.983,23.417,945.0,404.09372222222225,b'\x01\x01\x00\x00\x00\x98n\x12\x83\xc0j7@\xcf\xf7S\xe3\xa5\xfb3\xc0'
2016-06-11 00:00:00+00:00,27.6,5.9,16.7125,76.04331506547607,20.257079887162227,45.947044902203885,5.7,0.5,2.125,-19.983,23.417,945.0,404.8358888888889,b'\x01\x01\x00\x00\x00\x98n\x12\x83\xc0j7@\xcf\xf7S\xe3\xa5\xfb3\xc0'
2016-06-12 00:00:00+00:00,10.3,10.3,10.3,55.99771037565319,55.99771037565319,55.99771037565319,1.5,1.5,1.5,-19.983,23.417,945.0,398.3937222222222,b'\x01\x01\x00\x00\x00\x98n\x12\x83\xc0j7@\xcf\xf7S\xe3\xa5\xfb3\xc0'
2016-06-13 00:00:00+00:00,24.2,16.1,20.266666666666666,59.46576415064769,40.405682337321714,50.15814918622099,5.7,0.5,3.266666666666667,-19.983,23.417,945.0,393.9422222222222,b'\x01\x01\x00\x00\x00\x98n\x12\x83\xc0j7@\xcf\xf7S\xe3\xa5\xfb3\xc0'
2016-06-14 00:00:00+00:00,25.0,11.2,18.33333333333333,79.04255466818381,35.530909111019035,55.23133125977959,4.1,0.0,1.6166666666666665,-19.983,23.417,945.0,392.0374444444445,b'\x01\x01\x00\x00\x00\x98n\x12\x83\xc0j7@\xcf\xf7S\xe3\xa5\xfb3\xc0'
2016-06-15 00:00:00+00:00,26.3,8.7,15.714285714285714,83.15365630980335,29.50110026987,58.08405952646742,2.6,0.5,1.5285714285714285,-19.983,23.417,945.0,398.21872222222225,b'\x01\x01\x00\x00\x00\x98n\x12\x83\xc0j7@\xcf\xf7S\xe3\xa5\xfb3\xc0'
2016-06-16 00:00:00+00:00,29.6,10.4,17.51666666666667,65.15163283632623,17.407266728309153,46.35783683812727,3.1,1.0,1.8833333333333333,-19.983,23.417,945.0,404.0531111111111,b'\x01\x01\x00\x00\x00\x98n\x12\x83\xc0j7@\xcf\xf7S\xe3\xa5\xfb3\xc0'
2016-06-17 00:00:00+00:00,28.6,8.4,15.983333333333334,63.17673641446721,19.383095439980742,44.7998751013057,2.6,1.0,1.7166666666666668,-19.983,23.417,945.0,403.8593333333333,b'\x01\x01\x00\x00\x00\x98n\x12\x83\xc0j7@\xcf\xf7S\xe3\xa5\xfb3\xc0'
2016-06-18 00:00:00+00:00,28.2,8.4,18.557142857142857,65.00551712759737,20.35077304689976,39.26577759453846,4.6,0.5,2.1142857142857143,-19.983,23.417,945.0,398.4171666666667,b'\x01\x01\x00\x00\x00\x98n\x12\x83\xc0j7@\xcf\xf7S\xe3\xa5\xfb3\xc0'
2016-06-19 00:00:00+00:00,28.0,11.8,19.78,50.3321633767865,21.38656270802884,36.37320812502032,3.1,1.0,2.16,-19.983,23.417,945.0,398.4656111111111,b'\x01\x01\x00\x00\x00\x98n\x12\x83\xc0j7@\xcf\xf7S\xe3\xa5\xfb3\xc0'
2016-06-20 00:00:00+00:00,28.7,9.4,19.0125,62.07398835709525,18.38155424714097,37.5992077435807,3.6,1.0,2.375,-19.983,23.417,945.0,401.2719444444444,b'\x01\x01\x00\x00\x00\x98n\x12\x83\xc0j7@\xcf\xf7S\xe3\xa5\xfb3\xc0'
2016-06-21 00:00:00+00:00,12.2,10.2,11.133333333333333,50.24943699728597,40.04121250984547,45.524138962882255,4.6,1.5,3.233333333333333,-19.983,23.417,945.0,403.9562222222222,b'\x01\x01\x00\x00\x00\x98n\x12\x83\xc0j7@\xcf\xf7S\xe3\xa5\xfb3\xc0'
2016-06-24 00:00:00+00:00,23.1,14.1,19.475,54.2719427613871,31.33019703156111,41.0880209828537,7.2,2.6,4.875,-19.983,23.417,945.0,383.96872222222225,b'\x01\x01\x00\x00\x00\x98n\x12\x83\xc0j7@\xcf\xf7S\xe3\xa5\xfb3\xc0'
2016-06-25 00:00:00+00:00,21.5,10.0,15.5,70.10465876794333,23.35820447163216,46.04940363056311,5.7,2.6,3.7375,-19.983,23.417,945.0,400.9968333333333,b'\x01\x01\x00\x00\x00\x98n\x12\x83\xc0j7@\xcf\xf7S\xe3\xa5\xfb3\xc0'
2016-06-26 00:00:00+00:00,11.5,11.5,11.5,49.17945492813238,49.17945492813238,49.17945492813238,3.1,3.1,3.1,-19.983,23.417,945.0,388.2047222222222,b'\x01\x01\x00\x00\x00\x98n\x12\x83\xc0j7@\xcf\xf7S\xe3\xa5\xfb3\xc0'
2016-06-27 00:00:00+00:00,24.1,15.1,18.83333333333333,45.16378442456119,27.5096970572926,37.9702203775147,3.1,2.1,2.6,-19.983,23.417,945.0,402.09683333333334,b'\x01\x01\x00\x00\x00\x98n\x12\x83\xc0j7@\xcf\xf7S\xe3\xa5\xfb3\xc0'
2016-06-28 00:00:00+00:00,24.8,9.7,18.014285714285712,62.14524125304709,25.47053176666577,39.51718375283376,3.6,2.1,2.8857142857142857,-19.983,23.417,945.0,404.42966666666666,b'\x01\x01\x00\x00\x00\x98n\x12\x83\xc0j7@\xcf\xf7S\xe3\xa5\xfb3\xc0'
2016-06-29 00:00:00+00:00,27.7,10.5,18.571428571428573,43.19833070369537,24.505006601785333,35.63559927365559,4.1,2.1,3.1,-19.983,23.417,945.0,403.0828333333333,b'\x01\x01\x00\x00\x00\x98n\x12\x83\xc0j7@\xcf\xf7S\xe3\xa5\xfb3\xc0'
2016-06-30 00:00:00+00:00,27.6,13.2,19.885714285714283,60.40777963690044,24.451825929556662,41.91945656938224,5.1,0.5,2.571428571428572,-19.983,23.417,945.0,401.15,b'\x01\x01\x00\x00\x00\x98n\x12\x83\xc0j7@\xcf\xf7S\xe3\xa5\xfb3\xc0'
2016-07-01 00:00:00+00:00,28.2,12.7,20.985714285714288,55.42712890655264,27.49489379357778,40.4170877136029,13.9,1.5,4.271428571428571,-19.983,23.417,945.0,397.9281666666667,b'\x01\x01\x00\x00\x00\x98n\x12\x83\xc0j7@\xcf\xf7S\xe3\xa5\xfb3\xc0'
2016-07-02 00:00:00+00:00,28.1,11.2,19.428571428571427,70.34199925392788,22.487276100675977,42.02784708011779,3.1,0.5,1.9857142857142855,-19.983,23.417,945.0,374.3640555555556,b'\x01\x01\x00\x00\x00\x98n\x12\x83\xc0j7@\xcf\xf7S\xe3\xa5\xfb3\xc0'
2016-07-03 00:00:00+00:00,16.6,16.6,16.6,35.3365070893594,35.3365070893594,35.3365070893594,3.1,3.1,3.1,-19.983,23.417,945.0,397.6843333333333,b'\x01\x01\x00\x00\x00\x98n\x12\x83\xc0j7@\xcf\xf7S\xe3\xa5\xfb3\xc0'
2016-07-04 00:00:00+00:00,23.0,13.6,18.2,51.18637939592243,37.437806400416726,42.23933634690805,3.6,1.5,2.9,-19.983,23.417,945.0,400.94216666666665,b'\x01\x01\x00\x00\x00\x98n\x12\x83\xc0j7@\xcf\xf7S\xe3\xa5\xfb3\xc0'
2016-07-05 00:00:00+00:00,23.1,8.6,15.4375,71.3158083010092,34.51362694590402,52.93620220879348,4.1,0.5,2.575,-19.983,23.417,945.0,405.0375,b'\x01\x01\x00\x00\x00\x98n\x12\x83\xc0j7@\xcf\xf7S\xe3\xa5\xfb3\xc0'
2016-07-06 00:00:00+00:00,24.7,9.0,16.775,67.96333953551395,22.39356208374248,44.00714865551123,3.6,1.5,2.6375,-19.983,23.417,945.0,411.4046666666667,b'\x01\x01\x00\x00\x00\x98n\x12\x83\xc0j7@\xcf\xf7S\xe3\xa5\xfb3\xc0'
2016-07-07 00:00:00+00:00,25.5,7.8,14.86,63.03605188974151,19.30756027426875,43.586111281884826,4.6,0.5,2.66,-19.983,23.417,945.0,412.5968888888889,b'\x01\x01\x00\x00\x00\x98n\x12\x83\xc0j7@\xcf\xf7S\xe3\xa5\xfb3\xc0'
2016-07-08 00:00:00+00:00,24.0,13.8,19.76,44.48221656937776,24.319321663178275,34.14199757384661,6.7,3.1,4.819999999999999,-19.983,23.417,945.0,413.5171666666667,b'\x01\x01\x00\x00\x00\x98n\x12\x83\xc0j7@\xcf\xf7S\xe3\xa5\xfb3\xc0'
2016-07-09 00:00:00+00:00,23.3,10.2,16.4,70.67343078830581,21.243312471319705,42.1647128626201,8.2,3.1,5.0125,-19.983,23.417,945.0,417.69688888888885,b'\x01\x01\x00\x00\x00\x98n\x12\x83\xc0j7@\xcf\xf7S\xe3\xa5\xfb3\xc0'
2016-07-10 00:00:00+00:00,14.8,14.8,14.8,44.13027576357128,44.13027576357128,44.13027576357128,5.1,5.1,5.1,-19.983,23.417,945.0,415.5687777777778,b'\x01\x01\x00\x00\x00\x98n\x12\x83\xc0j7@\xcf\xf7S\xe3\xa5\xfb3\xc0'
2016-07-11 00:00:00+00:00,21.8,13.8,18.35,52.33080889379468,33.43736608900444,42.14594574065786,5.7,3.1,3.75,-19.983,23.417,945.0,376.71872222222225,b'\x01\x01\x00\x00\x00\x98n\x12\x83\xc0j7@\xcf\xf7S\xe3\xa5\xfb3\xc0'
2016-07-12 00:00:00+00:00,21.6,8.9,14.5,70.37804203640009,31.342319206289844,50.24083282184053,5.1,2.6,3.814285714285714,-19.983,23.417,945.0,414.35311111111116,b'\x01\x01\x00\x00\x00\x98n\x12\x83\xc0j7@\xcf\xf7S\xe3\xa5\xfb3\xc0'
2016-07-13 00:00:00+00:00,22.5,9.2,16.4125,71.93330318927397,29.4613938033376,46.090930332955146,5.7,2.1,4.05,-19.983,23.417,945.0,366.9312777777778,b'\x01\x01\x00\x00\x00\x98n\x12\x83\xc0j7@\xcf\xf7S\xe3\xa5\xfb3\xc0'
2016-07-14 00:00:00+00:00,23.5,11.3,17.125,60.36872250304371,28.32157658589384,42.591360951674645,5.1,0.0,3.525,-19.983,23.417,945.0,313.36722222222227,b'\x01\x01\x00\x00\x00\x98n\x12\x83\xc0j7@\xcf\xf7S\xe3\xa5\xfb3\xc0'
2016-07-15 00:00:00+00:00,23.6,13.7,17.842857142857145,49.09321048607072,26.42330863454212,39.442263970556,3.6,0.0,2.157142857142857,-19.983,23.417,945.0,295.2093888888889,b'\x01\x01\x00\x00\x00\x98n\x12\x83\xc0j7@\xcf\xf7S\xe3\xa5\xfb3\xc0'
2016-07-16 00:00:00+00:00,23.7,10.5,17.2125,55.25577883808127,25.35126806411579,38.70669706620106,4.1,1.5,3.15,-19.983,23.417,945.0,402.5906111111111,b'\x01\x01\x00\x00\x00\x98n\x12\x83\xc0j7@\xcf\xf7S\xe3\xa5\xfb3\xc0'
2016-07-17 00:00:00+00:00,14.1,14.1,14.1,41.18743981294787,41.18743981294787,41.18743981294787,2.6,2.6,2.6,-19.983,23.417,945.0,405.67033333333336,b'\x01\x01\x00\x00\x00\x98n\x12\x83\xc0j7@\xcf\xf7S\xe3\xa5\xfb3\xc0'
2016-07-20 00:00:00+00:00,24.1,9.4,19.28,50.02592684976516,18.277653731003003,28.848689486970244,4.6,2.6,3.7,-19.983,23.417,945.0,435.8735,b'\x01\x01\x00\x00\x00\x98n\x12\x83\xc0j7@\xcf\xf7S\xe3\xa5\xfb3\xc0'
2016-07-21 00:00:00+00:00,25.7,4.9,12.933333333333332,56.21237057052627,15.318749268911256,36.68715580750904,3.6,1.0,2.15,-19.983,23.417,945.0,439.58905555555555,b'\x01\x01\x00\x00\x00\x98n\x12\x83\xc0j7@\xcf\xf7S\xe3\xa5\xfb3\xc0'
2016-07-22 00:00:00+00:00,27.1,4.6,15.05,52.87042439450919,14.314570813329505,34.44783170190436,1.5,0.0,0.5625,-19.983,23.417,945.0,444.82188888888885,b'\x01\x01\x00\x00\x00\x98n\x12\x83\xc0j7@\xcf\xf7S\xe3\xa5\xfb3\xc0'
2016-07-23 00:00:00+00:00,27.8,4.2,15.5375,74.1258815484133,13.25417152668176,38.6615559111,2.1,0.0,0.8875,-19.983,23.417,945.0,447.7062777777778,b'\x01\x01\x00\x00\x00\x98n\x12\x83\xc0j7@\xcf\xf7S\xe3\xa5\xfb3\xc0'
2016-07-24 00:00:00+00:00,8.7,8.7,8.7,48.03399645768519,48.03399645768519,48.03399645768519,0.0,0.0,0.0,-19.983,23.417,945.0,444.9671666666667,b'\x01\x01\x00\x00\x00\x98n\x12\x83\xc0j7@\xcf\xf7S\xe3\xa5\xfb3\xc0'
2016-07-25 00:00:00+00:00,27.2,15.0,21.3,27.130830104988192,14.286075037998952,22.53322728232196,5.7,2.1,4.125,-19.983,23.417,945.0,440.90316666666666,b'\x01\x01\x00\x00\x00\x98n\x12\x83\xc0j7@\xcf\xf7S\xe3\xa5\xfb3\xc0'
2016-07-26 00:00:00+00:00,24.1,8.4,13.585714285714284,30.996771426950296,15.183410356374788,25.406294118084997,3.6,1.5,2.8000000000000003,-19.983,23.417,945.0,452.60316666666665,b'\x01\x01\x00\x00\x00\x98n\x12\x83\xc0j7@\xcf\xf7S\xe3\xa5\xfb3\xc0'
2016-07-27 00:00:00+00:00,24.4,5.3,13.2625,38.8647552546232,9.108730065581051,21.018187646430373,4.1,1.0,2.6125,-19.983,23.417,945.0,461.4140555555556,b'\x01\x01\x00\x00\x00\x98n\x12\x83\xc0j7@\xcf\xf7S\xe3\xa5\xfb3\xc0'
2016-07-28 00:00:00+00:00,26.9,7.6,16.8625,20.952977193553416,7.081068736574152,13.213094962798769,4.6,1.5,3.2125,-19.983,23.417,945.0,465.2046666666667,b'\x01\x01\x00\x00\x00\x98n\x12\x83\xc0j7@\xcf\xf7S\xe3\xa5\xfb3\xc0'
2016-07-29 00:00:00+00:00,29.3,11.3,20.61428571428572,13.98567386370479,8.098501000087088,10.795238720188731,5.7,1.5,3.6833333333333336,-19.983,23.417,945.0,461.625,b'\x01\x01\x00\x00\x00\x98n\x12\x83\xc0j7@\xcf\xf7S\xe3\xa5\xfb3\xc0'
2016-07-30 00:00:00+00:00,31.3,8.7,19.4625,37.11106375619013,7.122833472214474,17.100497246224858,4.6,1.5,3.0125,-19.983,23.417,945.0,455.6921666666666,b'\x01\x01\x00\x00\x00\x98n\x12\x83\xc0j7@\xcf\xf7S\xe3\xa5\xfb3\xc0'
2016-07-31 00:00:00+00:00,17.6,12.5,14.633333333333336,42.53274400196108,24.083005211919605,32.27117204452485,1.5,0.0,0.8333333333333334,-19.983,23.417,945.0,454.50155555555557,b'\x01\x01\x00\x00\x00\x98n\x12\x83\xc0j7@\xcf\xf7S\xe3\xa5\xfb3\xc0'
2016-08-01 00:00:00+00:00,26.5,13.7,19.666666666666668,21.0996595005719,10.117732683147352,14.939380459741407,5.1,3.1,4.266666666666667,-19.983,23.417,945.0,460.8515555555556,b'\x01\x01\x00\x00\x00\x98n\x12\x83\xc0j7@\xcf\xf7S\xe3\xa5\xfb3\xc0'
2016-08-02 00:00:00+00:00,27.3,10.8,18.175,36.244768474099146,11.214852000375526,23.931252692973622,4.1,1.5,3.0875,-19.983,23.417,945.0,468.8984444444444,b'\x01\x01\x00\x00\x00\x98n\x12\x83\xc0j7@\xcf\xf7S\xe3\xa5\xfb3\xc0'
2016-08-03 00:00:00+00:00,27.7,6.4,17.6875,52.050373753666,17.207101753189594,33.04428440491628,5.1,0.5,3.4,-19.983,23.417,945.0,459.61561111111115,b'\x01\x01\x00\x00\x00\x98n\x12\x83\xc0j7@\xcf\xf7S\xe3\xa5\xfb3\xc0'
2016-08-04 00:00:00+00:00,23.3,9.2,14.9875,37.99154203974565,11.122380080356368,25.460966728595725,5.7,0.0,3.6,-19.983,23.417,945.0,477.8515555555556,b'\x01\x01\x00\x00\x00\x98n\x12\x83\xc0j7@\xcf\xf7S\xe3\xa5\xfb3\xc0'
2016-08-05 00:00:00+00:00,25.3,6.7,15.271428571428572,27.973196526854387,12.24256688641407,21.717947833101693,4.6,2.6,3.314285714285714,-19.983,23.417,945.0,476.00311111111114,b'\x01\x01\x00\x00\x00\x98n\x12\x83\xc0j7@\xcf\xf7S\xe3\xa5\xfb3\xc0'
2016-08-06 00:00:00+00:00,27.7,9.8,18.9,43.03659003469664,15.319085141513888,27.743981635271467,5.1,2.1,3.7875,-19.983,23.417,945.0,470.7578333333334,b'\x01\x01\x00\x00\x00\x98n\x12\x83\xc0j7@\xcf\xf7S\xe3\xa5\xfb3\xc0'
2016-08-07 00:00:00+00:00,28.6,16.9,23.78,23.14625273995153,11.212237664853502,16.631970368546067,4.6,1.5,3.28,-19.983,23.417,945.0,476.0468888888889,b'\x01\x01\x00\x00\x00\x98n\x12\x83\xc0j7@\xcf\xf7S\xe3\xa5\xfb3\xc0'
2016-08-08 00:00:00+00:00,29.1,10.4,18.9,38.06577201859802,9.2153768797902,24.014099325882228,3.6,1.0,2.25,-19.983,23.417,945.0,478.7671666666667,b'\x01\x01\x00\x00\x00\x98n\x12\x83\xc0j7@\xcf\xf7S\xe3\xa5\xfb3\xc0'
2016-08-09 00:00:00+00:00,28.8,9.5,19.966666666666665,32.344690510553164,13.253719570350516,24.07871833101728,5.7,2.1,4.116666666666666,-19.983,23.417,945.0,474.1015555555556,b'\x01\x01\x00\x00\x00\x98n\x12\x83\xc0j7@\xcf\xf7S\xe3\xa5\xfb3\xc0'
2016-08-10 00:00:00+00:00,27.1,14.6,20.625,66.36708896404326,20.39469472862973,38.37800485137683,7.2,3.1,4.55,-19.983,23.417,945.0,451.70466666666664,b'\x01\x01\x00\x00\x00\x98n\x12\x83\xc0j7@\xcf\xf7S\xe3\xa5\xfb3\xc0'
2016-08-11 00:00:00+00:00,27.6,13.6,20.1375,31.06308922411916,14.318075353999928,23.22434181318321,4.1,2.1,3.225,-19.983,23.417,945.0,405.8093888888889,b'\x01\x01\x00\x00\x00\x98n\x12\x83\xc0j7@\xcf\xf7S\xe3\xa5\xfb3\xc0'
2016-08-12 00:00:00+00:00,28.2,12.6,18.8625,37.05182206167612,16.35414296736637,24.68462122939309,3.6,0.5,2.0625,-19.983,23.417,945.0,436.29527777777776,b'\x01\x01\x00\x00\x00\x98n\x12\x83\xc0j7@\xcf\xf7S\xe3\xa5\xfb3\xc0'
2016-08-13 00:00:00+00:00,29.0,10.8,19.675,39.04443209664749,16.351368660148754,27.783732691427883,4.6,1.0,2.75,-19.983,23.417,945.0,479.5671666666667,b'\x01\x01\x00\x00\x00\x98n\x12\x83\xc0j7@\xcf\xf7S\xe3\xa5\xfb3\xc0'
2016-08-14 00:00:00+00:00,31.0,15.5,24.25,31.15770571293307,15.39153595648613,22.053642823779786,4.1,1.5,2.825,-19.983,23.417,945.0,476.6140555555556,b'\x01\x01\x00\x00\x00\x98n\x12\x83\xc0j7@\xcf\xf7S\xe3\xa5\xfb3\xc0'
2016-08-15 00:00:00+00:00,31.7,12.3,24.866666666666664,42.16706291690238,12.34633119943978,21.15271358714736,7.2,1.5,4.542857142857143,-19.983,23.417,945.0,481.9484444444444,b'\x01\x01\x00\x00\x00\x98n\x12\x83\xc0j7@\xcf\xf7S\xe3\xa5\xfb3\xc0'
2016-08-16 00:00:00+00:00,30.0,16.7,22.616666666666664,40.23219744438807,19.45387299146316,27.34125481645872,5.7,3.1,4.8,-19.983,23.417,945.0,479.2937222222222,b'\x01\x01\x00\x00\x00\x98n\x12\x83\xc0j7@\xcf\xf7S\xe3\xa5\xfb3\xc0'
2016-08-17 00:00:00+00:00,28.8,17.0,21.47142857142857,56.541445785567866,27.47130744661212,42.04828586739192,7.2,3.6,5.075,-19.983,23.417,945.0,460.1453333333334,b'\x01\x01\x00\x00\x00\x98n\x12\x83\xc0j7@\xcf\xf7S\xe3\xa5\xfb3\xc0'
2016-08-18 00:00:00+00:00,28.4,15.9,21.8,64.50814106937125,22.382545572320723,41.03463445237018,5.7,2.6,4.4375,-19.983,23.417,945.0,481.5468888888889,b'\x01\x01\x00\x00\x00\x98n\x12\x83\xc0j7@\xcf\xf7S\xe3\xa5\xfb3\xc0'
2016-08-19 00:00:00+00:00,29.4,14.2,22.4,50.28088346360422,20.421761654937463,34.69898760259529,5.1,0.5,1.9666666666666663,-19.983,23.417,945.0,483.1140555555556,b'\x01\x01\x00\x00\x00\x98n\x12\x83\xc0j7@\xcf\xf7S\xe3\xa5\xfb3\xc0'
2016-08-20 00:00:00+00:00,31.4,15.5,25.64,47.225108660988006,19.52507766957306,30.03740798246971,2.6,1.0,1.64,-19.983,23.417,945.0,486.8375,b'\x01\x01\x00\x00\x00\x98n\x12\x83\xc0j7@\xcf\xf7S\xe3\xa5\xfb3\xc0'
2016-08-22 00:00:00+00:00,31.6,17.6,26.0,35.3750938046022,13.192427119146286,17.619346819607774,6.2,2.6,4.633333333333333,-19.983,23.417,945.0,495.62972222222226,b'\x01\x01\x00\x00\x00\x98n\x12\x83\xc0j7@\xcf\xf7S\xe3\xa5\xfb3\xc0'
2016-08-23 00:00:00+00:00,31.2,15.4,22.542857142857144,55.56261777215376,8.197774722837845,21.543086773037167,6.7,4.6,5.514285714285714,-19.983,23.417,945.0,503.80777777777774,b'\x01\x01\x00\x00\x00\x98n\x12\x83\xc0j7@\xcf\xf7S\xe3\xa5\xfb3\xc0'
2016-08-24 00:00:00+00:00,19.1,12.9,15.175,78.23110786341623,46.290255133196894,67.50056374148207,6.2,3.6,4.75,-19.983,23.417,945.0,496.8984444444444,b'\x01\x01\x00\x00\x00\x98n\x12\x83\xc0j7@\xcf\xf7S\xe3\xa5\xfb3\xc0'
2016-08-25 00:00:00+00:00,28.7,15.9,21.85,49.356477948442354,18.337057783679803,32.026893682354384,5.7,3.1,4.425,-19.983,23.417,945.0,506.7156111111111,b'\x01\x01\x00\x00\x00\x98n\x12\x83\xc0j7@\xcf\xf7S\xe3\xa5\xfb3\xc0'
2016-08-26 00:00:00+00:00,29.5,17.1,22.3375,28.19599082742309,13.260828961834996,21.363690266582022,6.7,3.1,4.95,-19.983,23.417,945.0,518.2421666666667,b'\x01\x01\x00\x00\x00\x98n\x12\x83\xc0j7@\xcf\xf7S\xe3\xa5\xfb3\xc0'
2016-08-27 00:00:00+00:00,29.4,16.8,22.55,31.28252731849068,15.25406280723796,23.46290181572826,7.7,4.6,5.9,-19.983,23.417,945.0,516.0421666666667,b'\x01\x01\x00\x00\x00\x98n\x12\x83\xc0j7@\xcf\xf7S\xe3\xa5\xfb3\xc0'
2016-08-28 00:00:00+00:00,28.9,19.0,24.95,29.307219931071263,16.377232203360805,21.08678903240361,6.7,0.0,3.975,-19.983,23.417,945.0,521.3781111111111,b'\x01\x01\x00\x00\x00\x98n\x12\x83\xc0j7@\xcf\xf7S\xe3\xa5\xfb3\xc0'
2016-08-29 00:00:00+00:00,30.6,15.7,21.2,32.20010385280598,13.338067814043567,24.99090457482948,5.7,2.6,4.185714285714285,-19.983,23.417,945.0,521.5187777777778,b'\x01\x01\x00\x00\x00\x98n\x12\x83\xc0j7@\xcf\xf7S\xe3\xa5\xfb3\xc0'
2016-08-30 00:00:00+00:00,31.1,12.6,21.65,43.18218443798907,13.345433452734376,27.056720936975225,5.1,1.0,2.9375,-19.983,23.417,945.0,521.1906111111111,b'\x01\x01\x00\x00\x00\x98n\x12\x83\xc0j7@\xcf\xf7S\xe3\xa5\xfb3\xc0'
2016-08-31 00:00:00+00:00,31.2,14.5,23.1375,34.2167435140692,12.336196235995502,21.54948150762197,4.1,1.0,2.9625,-19.983,23.417,945.0,523.2296666666667,b'\x01\x01\x00\x00\x00\x98n\x12\x83\xc0j7@\xcf\xf7S\xe3\xa5\xfb3\xc0'
2016-09-01 00:00:00+00:00,30.2,13.5,22.2375,31.265850800399225,15.21350752039116,22.69554444692952,4.6,1.0,2.5125,-19.983,23.417,945.0,523.2516111111111,b'\x01\x01\x00\x00\x00\x98n\x12\x83\xc0j7@\xcf\xf7S\xe3\xa5\xfb3\xc0'
2016-09-02 00:00:00+00:00,29.5,14.3,21.866666666666664,34.15789135759895,13.302723367033703,23.92563416204594,4.1,1.5,2.833333333333333,-19.983,23.417,945.0,527.5437777777778,b'\x01\x01\x00\x00\x00\x98n\x12\x83\xc0j7@\xcf\xf7S\xe3\xa5\xfb3\xc0'
2016-09-03 00:00:00+00:00,29.7,14.6,22.8,40.3479855277128,16.34641160440826,26.469977007680928,4.6,2.1,3.6,-19.983,23.417,945.0,528.55,b'\x01\x01\x00\x00\x00\x98n\x12\x83\xc0j7@\xcf\xf7S\xe3\xa5\xfb3\xc0'
2016-09-04 00:00:00+00:00,20.6,18.9,19.75,29.278732558019787,21.319477473896544,25.299105015958165,5.7,1.5,3.6,-19.983,23.417,945.0,538.1484444444444,b'\x01\x01\x00\x00\x00\x98n\x12\x83\xc0j7@\xcf\xf7S\xe3\xa5\xfb3\xc0'
2016-09-05 00:00:00+00:00,32.1,15.8,23.3375,33.123967784302465,13.360505926541077,24.759384392809427,4.6,1.5,2.7,-19.983,23.417,945.0,533.0672222222222,b'\x01\x01\x00\x00\x00\x98n\x12\x83\xc0j7@\xcf\xf7S\xe3\xa5\xfb3\xc0'
2016-09-06 00:00:00+00:00,33.7,16.0,24.887500000000003,35.36703766576282,15.4202507676918,25.231609566233573,5.7,1.0,2.7125,-19.983,23.417,945.0,534.0625,b'\x01\x01\x00\x00\x00\x98n\x12\x83\xc0j7@\xcf\xf7S\xe3\xa5\xfb3\xc0'
2016-09-07 00:00:00+00:00,35.1,17.2,25.4,38.40197944982811,13.40837640417214,25.57127914217409,6.2,1.5,2.7625,-19.983,23.417,945.0,535.3797222222222,b'\x01\x01\x00\x00\x00\x98n\x12\x83\xc0j7@\xcf\xf7S\xe3\xa5\xfb3\xc0'
2016-09-08 00:00:00+00:00,36.1,14.2,25.65714285714285,39.19037141174187,12.351325911357725,25.07221921463804,4.6,0.0,2.414285714285714,-19.983,23.417,945.0,538.0140555555556,b'\x01\x01\x00\x00\x00\x98n\x12\x83\xc0j7@\xcf\xf7S\xe3\xa5\xfb3\xc0'
2016-09-09 00:00:00+00:00,34.6,16.9,25.8875,40.26116475418945,17.47766358533573,27.701156123590344,2.6,1.5,2.075,-19.983,23.417,945.0,537.8437777777777,b'\x01\x01\x00\x00\x00\x98n\x12\x83\xc0j7@\xcf\xf7S\xe3\xa5\xfb3\xc0'
2016-09-10 00:00:00+00:00,36.3,19.9,27.4,37.32201507825149,12.36236648401854,24.911373210714665,7.2,2.1,4.285714285714286,-19.983,23.417,945.0,542.4859444444444,b'\x01\x01\x00\x00\x00\x98n\x12\x83\xc0j7@\xcf\xf7S\xe3\xa5\xfb3\xc0'
2016-09-11 00:00:00+00:00,19.2,19.2,19.2,26.34109211862865,26.34109211862865,26.34109211862865,3.1,3.1,3.1,-19.983,23.417,945.0,547.7968888888888,b'\x01\x01\x00\x00\x00\x98n\x12\x83\xc0j7@\xcf\xf7S\xe3\xa5\xfb3\xc0'
2016-09-12 00:00:00+00:00,34.1,18.4,26.82857142857143,43.47486662497976,17.482084371633945,28.461526007607905,5.7,0.5,3.0142857142857147,-19.983,23.417,945.0,544.9390555555556,b'\x01\x01\x00\x00\x00\x98n\x12\x83\xc0j7@\xcf\xf7S\xe3\xa5\xfb3\xc0'
2016-09-13 00:00:00+00:00,34.9,20.1,26.76,30.26119775428796,13.367120031253796,22.561782900595865,5.1,1.0,3.18,-19.983,23.417,945.0,547.8578333333332,b'\x01\x01\x00\x00\x00\x98n\x12\x83\xc0j7@\xcf\xf7S\xe3\xa5\xfb3\xc0'
2016-09-14 00:00:00+00:00,23.9,16.1,20.36,40.63045761332633,23.386851344466365,30.40432603362984,4.6,1.0,2.66,-19.983,23.417,945.0,553.2453333333333,b'\x01\x01\x00\x00\x00\x98n\x12\x83\xc0j7@\xcf\xf7S\xe3\xa5\xfb3\xc0'
2016-09-15 00:00:00+00:00,34.4,18.7,23.7,41.35116702293309,15.490633933583304,31.58288594831981,3.6,0.0,1.9833333333333332,-19.983,23.417,945.0,530.3406111111111,b'\x01\x01\x00\x00\x00\x98n\x12\x83\xc0j7@\xcf\xf7S\xe3\xa5\xfb3\xc0'
2016-09-16 00:00:00+00:00,33.9,18.8,26.5625,45.26546955626121,15.250892405907882,29.09458839604708,4.1,0.0,2.7,-19.983,23.417,945.0,523.6906666666666,b'\x01\x01\x00\x00\x00\x98n\x12\x83\xc0j7@\xcf\xf7S\xe3\xa5\xfb3\xc0'
2016-09-17 00:00:00+00:00,29.2,19.2,24.0,21.26844158490423,13.07094126364836,16.005755939410033,7.2,3.6,5.1375,-19.983,23.417,945.0,562.7093888888888,b'\x01\x01\x00\x00\x00\x98n\x12\x83\xc0j7@\xcf\xf7S\xe3\xa5\xfb3\xc0'
2016-09-18 00:00:00+00:00,29.5,18.3,24.116666666666664,17.126441682877722,9.21423224064512,13.357736234724907,6.2,2.1,4.116666666666666,-19.983,23.417,945.0,563.0562777777778,b'\x01\x01\x00\x00\x00\x98n\x12\x83\xc0j7@\xcf\xf7S\xe3\xa5\xfb3\xc0'
2016-09-19 00:00:00+00:00,30.5,15.2,23.37142857142857,80.1470779415082,32.75249162018308,52.45716409106259,6.2,2.6,4.4,-19.983,23.417,945.0,532.0046666666667,b'\x01\x01\x00\x00\x00\x98n\x12\x83\xc0j7@\xcf\xf7S\xe3\xa5\xfb3\xc0'
2016-09-20 00:00:00+00:00,31.3,15.6,22.9,75.07902903603869,23.47561257780752,48.27396481262692,6.2,1.5,3.85,-19.983,23.417,945.0,555.225,b'\x01\x01\x00\x00\x00\x98n\x12\x83\xc0j7@\xcf\xf7S\xe3\xa5\xfb3\xc0'
2016-09-21 00:00:00+00:00,33.9,19.4,26.24285714285714,54.58566914429138,12.250087551567114,29.257080262075792,4.6,0.5,2.571428571428572,-19.983,23.417,945.0,573.2343888888888,b'\x01\x01\x00\x00\x00\x98n\x12\x83\xc0j7@\xcf\xf7S\xe3\xa5\xfb3\xc0'
2016-09-22 00:00:00+00:00,34.8,13.4,25.685714285714287,45.32092902196968,14.424588525383806,27.28463359623656,5.7,0.0,1.9857142857142855,-19.983,23.417,945.0,572.209375,b'\x01\x01\x00\x00\x00\x98n\x12\x83\xc0j7@\xcf\xf7S\xe3\xa5\xfb3\xc0'
2016-09-23 00:00:00+00:00,35.8,16.9,26.6125,36.19261765706627,11.34649065625821,22.821901340773564,3.1,0.5,1.8,-19.983,23.417,945.0,536.2437621527778,b'\x01\x01\x00\x00\x00\x98n\x12\x83\xc0j7@\xcf\xf7S\xe3\xa5\xfb3\xc0'
2016-09-24 00:00:00+00:00,35.7,20.6,27.55,27.31438132804905,11.40919698590726,19.223475741446364,3.6,0.5,2.2,-19.983,23.417,945.0,540.1125243055556,b'\x01\x01\x00\x00\x00\x98n\x12\x83\xc0j7@\xcf\xf7S\xe3\xa5\xfb3\xc0'
2016-09-25 00:00:00+00:00,28.1,24.9,26.5,18.339369907705617,17.301594762585527,17.82048233514557,4.1,2.6,3.35,-19.983,23.417,945.0,523.1906718749999,b'\x01\x01\x00\x00\x00\x98n\x12\x83\xc0j7@\xcf\xf7S\xe3\xa5\xfb3\xc0'
2016-09-26 00:00:00+00:00,35.6,24.7,29.471428571428568,27.51400878478778,13.375531881015634,19.552146704185397,7.2,0.5,4.842857142857143,-19.983,23.417,945.0,526.876546875,b'\x01\x01\x00\x00\x00\x98n\x12\x83\xc0j7@\xcf\xf7S\xe3\xa5\xfb3\xc0'
2016-09-27 00:00:00+00:00,34.7,22.1,29.01428571428572,29.34876451053055,12.409063477848449,20.381023673052407,6.7,1.0,3.6714285714285713,-19.983,23.417,945.0,543.5718802083334,b'\x01\x01\x00\x00\x00\x98n\x12\x83\xc0j7@\xcf\xf7S\xe3\xa5\xfb3\xc0'
2016-09-28 00:00:00+00:00,35.2,23.8,29.65,32.41062826469807,16.53709628822895,24.02422316797468,5.1,1.5,2.75,-19.983,23.417,945.0,543.9499809027777,b'\x01\x01\x00\x00\x00\x98n\x12\x83\xc0j7@\xcf\xf7S\xe3\xa5\xfb3\xc0'
2016-09-29 00:00:00+00:00,36.7,21.6,29.62857142857143,20.38957516547589,12.296602954282951,14.451620835899638,7.2,0.5,3.814285714285714,-19.983,23.417,945.0,582.2750052083334,b'\x01\x01\x00\x00\x00\x98n\x12\x83\xc0j7@\xcf\xf7S\xe3\xa5\xfb3\xc0'
2016-09-30 00:00:00+00:00,35.9,22.2,30.04,51.39282663891539,14.457000358530983,29.28815181549573,5.1,1.0,3.06,-19.983,23.417,945.0,538.328125,b'\x01\x01\x00\x00\x00\x98n\x12\x83\xc0j7@\xcf\xf7S\xe3\xa5\xfb3\xc0'
2016-10-01 00:00:00+00:00,36.2,22.5,28.275,33.54432687935692,17.488711371513514,26.12843938773718,4.6,1.0,2.7,-19.983,23.417,945.0,565.2218506944444,b'\x01\x01\x00\x00\x00\x98n\x12\x83\xc0j7@\xcf\xf7S\xe3\xa5\xfb3\xc0'
2016-10-02 00:00:00+00:00,25.5,25.5,25.5,44.71186561206738,44.71186561206738,44.71186561206738,6.7,6.7,6.7,-19.983,23.417,945.0,561.0563003472223,b'\x01\x01\x00\x00\x00\x98n\x12\x83\xc0j7@\xcf\xf7S\xe3\xa5\xfb3\xc0'
2016-10-03 00:00:00+00:00,33.3,23.7,28.5,42.48192360300452,23.834390181549743,33.158156892277134,5.7,3.1,4.4,-19.983,23.417,945.0,583.7844010416667,b'\x01\x01\x00\x00\x00\x98n\x12\x83\xc0j7@\xcf\xf7S\xe3\xa5\xfb3\xc0'
2016-10-04 00:00:00+00:00,32.2,17.8,25.428571428571427,49.29793424383032,14.377554187789087,28.83633595656476,8.2,1.5,3.957142857142857,-19.983,23.417,945.0,598.6031510416667,b'\x01\x01\x00\x00\x00\x98n\x12\x83\xc0j7@\xcf\xf7S\xe3\xa5\xfb3\xc0'
2016-10-05 00:00:00+00:00,33.8,18.2,25.3875,31.25884984944652,11.29364373582202,22.45159742400184,7.7,0.5,3.65,-19.983,23.417,945.0,606.4718802083333,b'\x01\x01\x00\x00\x00\x98n\x12\x83\xc0j7@\xcf\xf7S\xe3\xa5\xfb3\xc0'
2016-10-06 00:00:00+00:00,36.2,16.5,26.825,28.17505110832446,9.326438223508395,18.540189114442388,4.1,1.0,2.0625,-19.983,23.417,945.0,613.6812899305555,b'\x01\x01\x00\x00\x00\x98n\x12\x83\xc0j7@\xcf\xf7S\xe3\xa5\xfb3\xc0'
2016-10-07 00:00:00+00:00,37.4,19.8,29.325000000000003,25.46551907142362,10.378890064006132,17.111980659495718,5.1,1.0,3.2125,-19.983,23.417,945.0,594.6562345920139,b'\x01\x01\x00\x00\x00\x98n\x12\x83\xc0j7@\xcf\xf7S\xe3\xa5\xfb3\xc0'
2016-10-08 00:00:00+00:00,36.9,22.2,30.728571428571428,29.632187457993847,11.338938244166489,19.31026067025528,8.2,1.5,5.057142857142857,-19.983,23.417,945.0,552.881207139757,b'\x01\x01\x00\x00\x00\x98n\x12\x83\xc0j7@\xcf\xf7S\xe3\xa5\xfb3\xc0'
2016-10-10 00:00:00+00:00,36.8,23.2,31.183333333333334,15.32472679720908,8.261745908561437,11.25297321683327,4.6,1.0,2.833333333333333,-19.983,23.417,945.0,624.3281111111112,b'\x01\x01\x00\x00\x00\x98n\x12\x83\xc0j7@\xcf\xf7S\xe3\xa5\xfb3\xc0'
2016-10-11 00:00:00+00:00,38.1,23.4,31.1625,40.45138429013507,11.148446985892855,22.47124525189877,6.7,0.0,3.875,-19.983,23.417,945.0,567.1625,b'\x01\x01\x00\x00\x00\x98n\x12\x83\xc0j7@\xcf\xf7S\xe3\xa5\xfb3\xc0'
2016-10-12 00:00:00+00:00,38.6,24.3,31.5,28.34601488542248,15.404698163204657,20.43851888243096,4.1,1.0,2.75,-19.983,23.417,945.0,582.6093888888888,b'\x01\x01\x00\x00\x00\x98n\x12\x83\xc0j7@\xcf\xf7S\xe3\xa5\xfb3\xc0'
2016-10-13 00:00:00+00:00,38.9,24.3,31.9,25.33487813063938,11.427823728602773,18.166719242767307,6.2,2.1,4.2,-19.983,23.417,945.0,606.5968333333333,b'\x01\x01\x00\x00\x00\x98n\x12\x83\xc0j7@\xcf\xf7S\xe3\xa5\xfb3\xc0'
2016-10-14 00:00:00+00:00,38.4,23.8,31.67142857142857,30.45503174820307,11.432970679769364,19.765105244053057,7.2,2.1,4.625,-19.983,23.417,945.0,593.8093888888889,b'\x01\x01\x00\x00\x00\x98n\x12\x83\xc0j7@\xcf\xf7S\xe3\xa5\xfb3\xc0'
2016-10-15 00:00:00+00:00,37.8,21.8,29.75,57.35547401599478,13.492191662855817,28.97218658083359,5.7,0.5,3.7875,-19.983,23.417,945.0,608.2343888888888,b'\x01\x01\x00\x00\x00\x98n\x12\x83\xc0j7@\xcf\xf7S\xe3\xa5\xfb3\xc0'
2016-10-16 00:00:00+00:00,31.1,20.8,26.46666666666667,34.33257038013457,19.45171219840573,26.424410563599864,2.1,1.0,1.3666666666666665,-19.983,23.417,945.0,592.8875,b'\x01\x01\x00\x00\x00\x98n\x12\x83\xc0j7@\xcf\xf7S\xe3\xa5\xfb3\xc0'
2016-10-17 00:00:00+00:00,39.6,23.6,31.1875,30.398730608456937,12.41072234606099,21.16065651218133,4.1,0.5,1.925,-19.983,23.417,945.0,576.0406111111112,b'\x01\x01\x00\x00\x00\x98n\x12\x83\xc0j7@\xcf\xf7S\xe3\xa5\xfb3\xc0'
2016-10-18 00:00:00+00:00,38.3,27.0,32.628571428571426,32.63537402223783,12.399158477773998,20.379670206674884,7.7,1.5,4.414285714285714,-19.983,23.417,945.0,593.1562777777779,b'\x01\x01\x00\x00\x00\x98n\x12\x83\xc0j7@\xcf\xf7S\xe3\xa5\xfb3\xc0'
2016-10-19 00:00:00+00:00,35.9,19.9,27.9,68.8018429245272,21.614869549886933,47.685646830923446,8.2,1.5,5.514285714285714,-19.983,23.417,945.0,584.6312222222223,b'\x01\x01\x00\x00\x00\x98n\x12\x83\xc0j7@\xcf\xf7S\xe3\xa5\xfb3\xc0'
2016-10-20 00:00:00+00:00,36.7,20.8,28.725,67.22285509593742,15.459362379120808,34.80425923173079,4.6,1.0,3.0125,-19.983,23.417,945.0,612.4875,b'\x01\x01\x00\x00\x00\x98n\x12\x83\xc0j7@\xcf\xf7S\xe3\xa5\xfb3\xc0'
2016-10-21 00:00:00+00:00,37.3,22.3,31.05,38.53321723524578,16.579624297586715,24.895203715048208,3.6,1.0,2.583333333333333,-19.983,23.417,945.0,581.6968333333333,b'\x01\x01\x00\x00\x00\x98n\x12\x83\xc0j7@\xcf\xf7S\xe3\xa5\xfb3\xc0'
2016-10-22 00:00:00+00:00,34.1,27.5,30.066666666666663,29.632187457993847,22.639259830421867,25.90162205055036,4.1,2.6,3.6,-19.983,23.417,945.0,504.91561111111116,b'\x01\x01\x00\x00\x00\x98n\x12\x83\xc0j7@\xcf\xf7S\xe3\xa5\xfb3\xc0'
2016-10-24 00:00:00+00:00,36.9,25.4,31.4,34.46098019278031,19.65790075352016,27.55868672346438,4.6,0.5,2.3,-19.983,23.417,945.0,544.2375,b'\x01\x01\x00\x00\x00\x98n\x12\x83\xc0j7@\xcf\xf7S\xe3\xa5\xfb3\xc0'
2016-10-25 00:00:00+00:00,38.0,24.2,30.766666666666666,41.50066509848932,18.639352078695246,29.013522065199638,4.1,0.5,3.0,-19.983,23.417,945.0,562.6406666666667,b'\x01\x01\x00\x00\x00\x98n\x12\x83\xc0j7@\xcf\xf7S\xe3\xa5\xfb3\xc0'
2016-10-26 00:00:00+00:00,38.0,25.2,32.07142857142857,33.4830836792938,18.639352078695246,26.16695284621208,7.2,1.0,4.0375,-19.983,23.417,945.0,574.3625,b'\x01\x01\x00\x00\x00\x98n\x12\x83\xc0j7@\xcf\xf7S\xe3\xa5\xfb3\xc0'
2016-10-27 00:00:00+00:00,38.8,22.0,32.96666666666667,40.60320266722727,14.471982965219214,24.612777053223727,5.1,0.5,3.657142857142857,-19.983,23.417,945.0,593.6937777777778,b'\x01\x01\x00\x00\x00\x98n\x12\x83\xc0j7@\xcf\xf7S\xe3\xa5\xfb3\xc0'
2016-10-28 00:00:00+00:00,38.3,29.8,34.666666666666664,20.54398869127025,13.404679011855574,15.984005542556028,10.3,3.1,5.7875,-19.983,23.417,945.0,630.2156111111111,b'\x01\x01\x00\x00\x00\x98n\x12\x83\xc0j7@\xcf\xf7S\xe3\xa5\xfb3\xc0'
2016-10-29 00:00:00+00:00,38.9,25.3,33.45,21.29978921179385,10.367051725093798,16.077387716328705,7.2,0.5,4.1,-19.983,23.417,945.0,638.9812222222223,b'\x01\x01\x00\x00\x00\x98n\x12\x83\xc0j7@\xcf\xf7S\xe3\xa5\xfb3\xc0'
2016-10-31 00:00:00+00:00,37.4,28.3,33.233333333333334,19.4466049263786,14.474500893364548,16.960552909871573,6.2,1.5,3.38,-19.983,23.417,945.0,621.9218888888888,b'\x01\x01\x00\x00\x00\x98n\x12\x83\xc0j7@\xcf\xf7S\xe3\xa5\xfb3\xc0'
2016-11-01 00:00:00+00:00,39.9,23.2,32.31666666666667,28.43710893978477,13.455824790112883,21.005192213832743,6.7,1.0,4.4,-19.983,23.417,945.0,523.0718888888889,b'\x01\x01\x00\x00\x00\x98n\x12\x83\xc0j7@\xcf\xf7S\xe3\xa5\xfb3\xc0'
2016-11-02 00:00:00+00:00,27.9,24.3,26.4,43.50775821172935,36.47658522198165,40.78850625080361,9.8,1.0,4.7,-19.983,23.417,945.0,588.5843888888888,b'\x01\x01\x00\x00\x00\x98n\x12\x83\xc0j7@\xcf\xf7S\xe3\xa5\xfb3\xc0'
2016-11-03 00:00:00+00:00,34.2,22.4,28.82857142857143,52.471534417535935,27.662133357388008,39.76219384107503,4.6,1.0,2.628571428571429,-19.983,23.417,945.0,555.5125,b'\x01\x01\x00\x00\x00\x98n\x12\x83\xc0j7@\xcf\xf7S\xe3\xa5\xfb3\xc0'
2016-11-04 00:00:00+00:00,35.7,22.0,28.357142857142858,65.33909335017397,24.616258893807885,41.84635781841194,5.1,1.0,2.685714285714285,-19.983,23.417,945.0,471.2781111111111,b'\x01\x01\x00\x00\x00\x98n\x12\x83\xc0j7@\xcf\xf7S\xe3\xa5\xfb3\xc0'
2016-11-07 00:00:00+00:00,38.0,23.9,30.149999999999995,57.4949715118646,22.7250717953638,42.03232052529548,9.8,2.6,5.675,-19.983,23.417,945.0,449.9062222222222,b'\x01\x01\x00\x00\x00\x98n\x12\x83\xc0j7@\xcf\xf7S\xe3\xa5\xfb3\xc0'
2016-11-08 00:00:00+00:00,34.5,23.2,29.75714285714286,70.32850463334228,27.721482274071302,42.93827140794416,6.2,2.1,3.971428571428572,-19.983,23.417,945.0,571.45,b'\x01\x01\x00\x00\x00\x98n\x12\x83\xc0j7@\xcf\xf7S\xe3\xa5\xfb3\xc0'
2016-11-09 00:00:00+00:00,27.8,23.3,25.6,69.465033439114,43.61805716834112,53.88321438539098,6.2,0.5,3.6,-19.983,23.417,945.0,563.6093888888888,b'\x01\x01\x00\x00\x00\x98n\x12\x83\xc0j7@\xcf\xf7S\xe3\xa5\xfb3\xc0'
2016-11-10 00:00:00+00:00,27.8,21.9,24.766666666666666,69.19431326392903,46.52101552209957,57.06761684135094,4.6,1.5,2.9,-19.983,23.417,945.0,534.1718888888888,b'\x01\x01\x00\x00\x00\x98n\x12\x83\xc0j7@\xcf\xf7S\xe3\xa5\xfb3\xc0'
2016-11-11 00:00:00+00:00,34.8,23.4,28.46,55.5469180110599,29.663764836352225,44.83486609187402,6.7,1.0,3.325,-19.983,23.417,945.0,458.0812222222222,b'\x01\x01\x00\x00\x00\x98n\x12\x83\xc0j7@\xcf\xf7S\xe3\xa5\xfb3\xc0'
2016-11-12 00:00:00+00:00,35.0,23.1,28.985714285714288,61.51069935721544,27.316482202350663,42.6782152147815,7.2,1.0,3.7875,-19.983,23.417,945.0,564.5687222222222,b'\x01\x01\x00\x00\x00\x98n\x12\x83\xc0j7@\xcf\xf7S\xe3\xa5\xfb3\xc0'
2016-11-14 00:00:00+00:00,32.9,24.4,28.62,63.39421028075536,28.58200459988007,45.579209409231,4.6,0.5,2.98,-19.983,23.417,945.0,597.4249444444445,b'\x01\x01\x00\x00\x00\x98n\x12\x83\xc0j7@\xcf\xf7S\xe3\xa5\xfb3\xc0'
2016-11-15 00:00:00+00:00,21.6,20.2,20.9,77.30150036388687,65.25391544185001,71.27770790286844,5.7,4.6,5.15,-19.983,23.417,945.0,569.5531111111111,b'\x01\x01\x00\x00\x00\x98n\x12\x83\xc0j7@\xcf\xf7S\xe3\xa5\xfb3\xc0'
2016-11-18 00:00:00+00:00,36.2,28.8,31.275,35.65038484035748,24.74567368457584,31.36285043453695,5.1,2.1,3.225,-19.983,23.417,945.0,580.9281666666667,b'\x01\x01\x00\x00\x00\x98n\x12\x83\xc0j7@\xcf\xf7S\xe3\xa5\xfb3\xc0'
2016-11-19 00:00:00+00:00,33.7,26.0,29.225,43.69117022979939,30.73293586768349,38.42283132586216,7.2,0.0,4.1,-19.983,23.417,945.0,535.7656666666667,b'\x01\x01\x00\x00\x00\x98n\x12\x83\xc0j7@\xcf\xf7S\xe3\xa5\xfb3\xc0'
2016-11-20 00:00:00+00:00,26.7,26.7,26.7,45.62888037608104,45.62888037608104,45.62888037608104,8.2,8.2,8.2,-19.983,23.417,945.0,584.2468333333334,b'\x01\x01\x00\x00\x00\x98n\x12\x83\xc0j7@\xcf\xf7S\xe3\xa5\xfb3\xc0'
2016-11-21 00:00:00+00:00,34.5,26.9,30.175,48.7260952911551,26.654869551102177,39.68204883887062,5.1,1.5,3.45,-19.983,23.417,945.0,549.7812222222221,b'\x01\x01\x00\x00\x00\x98n\x12\x83\xc0j7@\xcf\xf7S\xe3\xa5\xfb3\xc0'
2016-11-22 00:00:00+00:00,33.9,22.1,27.433333333333334,72.38341875453244,32.836351597021,51.496213194899525,4.1,1.0,2.466666666666667,-19.983,23.417,945.0,482.67811111111115,b'\x01\x01\x00\x00\x00\x98n\x12\x83\xc0j7@\xcf\xf7S\xe3\xa5\xfb3\xc0'
2016-11-23 00:00:00+00:00,29.5,21.1,23.933333333333334,88.92223841871977,52.609155336543736,75.29957937458285,6.7,1.5,3.516666666666667,-19.983,23.417,945.0,425.275,b'\x01\x01\x00\x00\x00\x98n\x12\x83\xc0j7@\xcf\xf7S\xe3\xa5\xfb3\xc0'
2016-11-24 00:00:00+00:00,30.3,21.0,25.78,83.01395054142718,43.74034139324746,63.515381285769706,4.6,1.0,2.68,-19.983,23.417,945.0,478.80938888888886,b'\x01\x01\x00\x00\x00\x98n\x12\x83\xc0j7@\xcf\xf7S\xe3\xa5\xfb3\xc0'
2016-11-25 00:00:00+00:00,26.2,20.7,23.02,86.17292431656145,57.51402664045987,73.96302271843756,4.6,1.0,2.68,-19.983,23.417,945.0,479.0719444444444,b'\x01\x01\x00\x00\x00\x98n\x12\x83\xc0j7@\xcf\xf7S\xe3\xa5\xfb3\xc0'
2016-11-26 00:00:00+00:00,32.5,18.6,26.085714285714285,93.91174237662614,30.534731535763644,53.38383067466267,4.6,1.5,3.0857142857142854,-19.983,23.417,945.0,603.3406111111111,b'\x01\x01\x00\x00\x00\x98n\x12\x83\xc0j7@\xcf\xf7S\xe3\xa5\xfb3\xc0'
2016-11-28 00:00:00+00:00,34.4,27.0,30.880000000000003,43.774411809937874,22.56416455360252,30.8141156202074,5.1,3.1,4.0,-19.983,23.417,945.0,659.3,b'\x01\x01\x00\x00\x00\x98n\x12\x83\xc0j7@\xcf\xf7S\xe3\xa5\xfb3\xc0'
2016-11-29 00:00:00+00:00,31.6,21.7,26.9,55.73538481162409,23.609654552571413,42.08996397658969,3.6,1.5,2.58,-19.983,23.417,945.0,660.4812777777778,b'\x01\x01\x00\x00\x00\x98n\x12\x83\xc0j7@\xcf\xf7S\xe3\xa5\xfb3\xc0'
2016-11-30 00:00:00+00:00,34.7,21.3,29.0,72.24032283406626,31.20451435507955,48.30351207627215,3.6,0.5,1.6625,-19.983,23.417,945.0,537.2437777777778,b'\x01\x01\x00\x00\x00\x98n\x12\x83\xc0j7@\xcf\xf7S\xe3\xa5\xfb3\xc0'
2016-12-01 00:00:00+00:00,38.4,21.6,30.8625,72.29410421108452,18.6089537901581,40.46443448513288,4.1,1.0,2.5625,-19.983,23.417,945.0,630.4968888888889,b'\x01\x01\x00\x00\x00\x98n\x12\x83\xc0j7@\xcf\xf7S\xe3\xa5\xfb3\xc0'
2016-12-02 00:00:00+00:00,38.0,22.0,31.11428571428572,57.40442194619517,20.59309182097473,35.85086087934139,6.7,1.0,2.942857142857143,-19.983,23.417,945.0,562.5656111111111,b'\x01\x01\x00\x00\x00\x98n\x12\x83\xc0j7@\xcf\xf7S\xe3\xa5\xfb3\xc0'
2016-12-03 00:00:00+00:00,35.6,24.9,29.325,50.50553852692878,25.72955080162985,39.29492568734952,4.1,1.0,2.7125,-19.983,23.417,945.0,473.24377777777784,b'\x01\x01\x00\x00\x00\x98n\x12\x83\xc0j7@\xcf\xf7S\xe3\xa5\xfb3\xc0'
2016-12-04 00:00:00+00:00,22.3,22.3,22.3,73.34094860397529,73.34094860397529,73.34094860397529,1.5,1.5,1.5,-19.983,23.417,945.0,605.7875,b'\x01\x01\x00\x00\x00\x98n\x12\x83\xc0j7@\xcf\xf7S\xe3\xa5\xfb3\xc0'
2016-12-05 00:00:00+00:00,34.5,27.3,31.33333333333333,35.70211570781893,30.723982531231897,32.39258305576747,3.1,2.1,2.6,-19.983,23.417,945.0,563.3437777777779,b'\x01\x01\x00\x00\x00\x98n\x12\x83\xc0j7@\xcf\xf7S\xe3\xa5\xfb3\xc0'
2016-12-06 00:00:00+00:00,33.3,23.4,27.875,70.36607093267988,33.74050537964305,50.23771558935905,6.2,2.1,3.6875,-19.983,23.417,945.0,606.5593888888889,b'\x01\x01\x00\x00\x00\x98n\x12\x83\xc0j7@\xcf\xf7S\xe3\xa5\xfb3\xc0'
2016-12-07 00:00:00+00:00,33.3,21.5,27.55,77.98918716838004,29.643114224292194,52.71678373347332,2.6,2.1,2.1833333333333336,-19.983,23.417,945.0,542.834388888889,b'\x01\x01\x00\x00\x00\x98n\x12\x83\xc0j7@\xcf\xf7S\xe3\xa5\xfb3\xc0'
2016-12-08 00:00:00+00:00,33.9,23.2,28.21666666666667,90.26797351714106,31.79732564961109,59.48153732395252,5.1,0.5,2.566666666666667,-19.983,23.417,945.0,543.5468333333333,b'\x01\x01\x00\x00\x00\x98n\x12\x83\xc0j7@\xcf\xf7S\xe3\xa5\xfb3\xc0'
2016-12-09 00:00:00+00:00,33.0,23.6,27.12,64.4373680135773,47.66446573157003,57.34330641582312,4.6,1.5,3.083333333333333,-19.983,23.417,945.0,564.3875555555555,b'\x01\x01\x00\x00\x00\x98n\x12\x83\xc0j7@\xcf\xf7S\xe3\xa5\xfb3\xc0'
2016-12-10 00:00:00+00:00,27.4,21.5,24.675,83.04918998107914,57.60660548767008,70.25976021138848,6.2,0.5,2.0571428571428574,-19.983,23.417,945.0,485.1125,b'\x01\x01\x00\x00\x00\x98n\x12\x83\xc0j7@\xcf\xf7S\xe3\xa5\xfb3\xc0'
2016-12-11 00:00:00+00:00,20.1,20.1,20.1,91.0895623030524,91.0895623030524,91.0895623030524,3.1,3.1,3.1,-19.983,23.417,945.0,464.02188888888884,b'\x01\x01\x00\x00\x00\x98n\x12\x83\xc0j7@\xcf\xf7S\xe3\xa5\xfb3\xc0'
2016-12-12 00:00:00+00:00,26.2,20.8,23.05,95.18211715583492,61.43370307452013,80.90670436144846,6.2,1.5,3.475,-19.983,23.417,945.0,332.7999444444444,b'\x01\x01\x00\x00\x00\x98n\x12\x83\xc0j7@\xcf\xf7S\xe3\xa5\xfb3\xc0'
2016-12-13 00:00:00+00:00,26.0,20.5,22.314285714285717,94.0143539678384,65.57708398018069,85.14612550434548,4.6,2.1,3.3857142857142857,-19.983,23.417,945.0,356.98449999999997,b'\x01\x01\x00\x00\x00\x98n\x12\x83\xc0j7@\xcf\xf7S\xe3\xa5\xfb3\xc0'
2016-12-14 00:00:00+00:00,27.2,20.5,21.757142857142856,96.96667889869288,61.65858592580613,89.76458439307342,4.6,0.5,3.071428571428572,-19.983,23.417,945.0,307.47505555555557,b'\x01\x01\x00\x00\x00\x98n\x12\x83\xc0j7@\xcf\xf7S\xe3\xa5\xfb3\xc0'
2016-12-15 00:00:00+00:00,25.8,20.7,22.075,98.17018327004956,71.25105656132283,90.53987908978056,3.1,1.5,2.16,-19.983,23.417,945.0,307.2687222222222,b'\x01\x01\x00\x00\x00\x98n\x12\x83\xc0j7@\xcf\xf7S\xe3\xa5\xfb3\xc0'
2016-12-16 00:00:00+00:00,22.7,21.0,21.86,95.77926801851204,91.2557171642218,93.03610466150128,2.1,0.5,1.45,-19.983,23.417,945.0,438.4313888888889,b'\x01\x01\x00\x00\x00\x98n\x12\x83\xc0j7@\xcf\xf7S\xe3\xa5\xfb3\xc0'
2016-12-17 00:00:00+00:00,28.8,17.0,23.485714285714288,98.76663261406004,61.6342614843269,79.33980006926767,6.7,0.5,3.228571428571428,-19.983,23.417,945.0,533.8062222222222,b'\x01\x01\x00\x00\x00\x98n\x12\x83\xc0j7@\xcf\xf7S\xe3\xa5\xfb3\xc0'
2016-12-18 00:00:00+00:00,29.33240661621096,20.164697265625023,,93.45254871534144,43.84288027682317,,1.0,1.0,1.0,-19.983,23.417,945.0,585.1251111111111,b'\x01\x01\x00\x00\x00\x98n\x12\x83\xc0j7@\xcf\xf7S\xe3\xa5\xfb3\xc0'
2016-12-19 00:00:00+00:00,31.4,26.3,28.5,52.507841210238425,39.790388832384586,47.59253395802964,2.1,0.0,1.0333333333333334,-19.983,23.417,945.0,591.2343333333333,b'\x01\x01\x00\x00\x00\x98n\x12\x83\xc0j7@\xcf\xf7S\xe3\xa5\xfb3\xc0'
2016-12-20 00:00:00+00:00,31.4,18.6,24.66,90.4172150471804,43.76159116813768,67.20920416922404,4.1,1.0,2.5,-19.983,23.417,945.0,644.4218888888889,b'\x01\x01\x00\x00\x00\x98n\x12\x83\xc0j7@\xcf\xf7S\xe3\xa5\xfb3\xc0'
2016-12-21 00:00:00+00:00,34.9,23.0,28.160000000000004,71.63476376732821,36.86964661100268,55.26720918464498,4.6,1.0,2.8000000000000003,-19.983,23.417,945.0,598.1750555555556,b'\x01\x01\x00\x00\x00\x98n\x12\x83\xc0j7@\xcf\xf7S\xe3\xa5\xfb3\xc0'
2016-12-22 00:00:00+00:00,29.2,22.8,25.48,83.20068037298974,57.31999966119332,69.41195378854857,3.1,0.0,1.542857142857143,-19.983,23.417,945.0,560.5437777777778,b'\x01\x01\x00\x00\x00\x98n\x12\x83\xc0j7@\xcf\xf7S\xe3\xa5\xfb3\xc0'
2016-12-23 00:00:00+00:00,34.1,22.7,28.512500000000003,87.40976925644104,35.7336720418709,57.68611611642274,5.1,1.0,1.9,-19.983,23.417,945.0,645.0781111111112,b'\x01\x01\x00\x00\x00\x98n\x12\x83\xc0j7@\xcf\xf7S\xe3\xa5\xfb3\xc0'
2016-12-24 00:00:00+00:00,30.5,22.3,25.71666666666667,80.08811412328883,49.67150663051201,66.29882816261836,6.2,1.0,2.8375,-19.983,23.417,945.0,540.8594444444444,b'\x01\x01\x00\x00\x00\x98n\x12\x83\xc0j7@\xcf\xf7S\xe3\xa5\xfb3\xc0'
2016-12-25 00:00:00+00:00,21.6,21.6,21.6,86.2312924524305,86.2312924524305,86.2312924524305,1.5,1.5,1.5,-19.983,23.417,945.0,369.1186111111111,b'\x01\x01\x00\x00\x00\x98n\x12\x83\xc0j7@\xcf\xf7S\xe3\xa5\xfb3\xc0'
2016-12-27 00:00:00+00:00,26.6,21.3,23.075,95.19990873981656,72.27790097107153,88.47569820637023,3.1,1.5,2.45,-19.983,23.417,945.0,565.0655555555556,b'\x01\x01\x00\x00\x00\x98n\x12\x83\xc0j7@\xcf\xf7S\xe3\xa5\xfb3\xc0'
2016-12-28 00:00:00+00:00,29.6,20.6,25.183333333333334,95.17497305529534,54.63879144543691,72.79319939563484,5.1,1.5,2.7,-19.983,23.417,945.0,377.52188888888884,b'\x01\x01\x00\x00\x00\x98n\x12\x83\xc0j7@\xcf\xf7S\xe3\xa5\xfb3\xc0'
2016-12-29 00:00:00+00:00,39.0,22.1,27.160000000000004,86.42328080854222,59.6928101092688,79.15298663278602,3.1,1.0,2.3714285714285714,-19.983,23.417,945.0,514.9843333333333,b'\x01\x01\x00\x00\x00\x98n\x12\x83\xc0j7@\xcf\xf7S\xe3\xa5\xfb3\xc0'
2016-12-30 00:00:00+00:00,31.0,22.0,25.32,92.91284830656912,65.60582769317126,81.5454570563049,4.6,1.0,2.5666666666666664,-19.983,23.417,945.0,416.2312222222222,b'\x01\x01\x00\x00\x00\x98n\x12\x83\xc0j7@\xcf\xf7S\xe3\xa5\xfb3\xc0'
2016-12-31 00:00:00+00:00,27.8,21.0,23.875,94.01875700103768,61.41059072166962,81.28034312940336,4.6,2.6,3.5,-19.983,23.417,945.0,395.6781666666667,b'\x01\x01\x00\x00\x00\x98n\x12\x83\xc0j7@\xcf\xf7S\xe3\xa5\xfb3\xc0'
