valid_time,v10,u10,era5_ws
2020-01-01 00:00:00,1.4859829,-0.8256501,1.2714823434411924
2020-01-01 01:00:00,1.4289331,-0.69697046,1.189128777782631
2020-01-01 02:00:00,1.5244455,-0.8067712,1.2900397666905112
2020-01-01 03:00:00,1.6140327,-0.9297301,1.3931780514596181
2020-01-01 04:00:00,1.6538296,-0.9723598,1.434942879763618
2020-01-01 05:00:00,1.7363653,-0.97346735,1.4888929851732449
2020-01-01 06:00:00,1.8056717,-0.9735773,1.5343579738917372
2020-01-01 07:00:00,1.65452,-0.9570875,1.4296342916673075
2020-01-01 08:00:00,1.5447941,-0.8638455,1.3238137880139476
2020-01-01 09:00:00,0.92260087,-0.50655085,0.7872291195848873
2020-01-01 10:00:00,0.204911,0.22135872,0.2256138307621549
2020-01-01 11:00:00,-0.32237107,1.1658869,0.9047473305106992
2020-01-01 12:00:00,-0.6966874,1.8905449,1.506993038098417
2020-01-01 13:00:00,-0.87932855,2.283225,1.8300110517794095
2020-01-01 14:00:00,-0.90428823,2.3685827,1.8963062106006614
2020-01-01 15:00:00,-0.7845264,2.2058125,1.7510827429697418
2020-01-01 16:00:00,-0.6264584,1.9816446,1.5544729610713544
2020-01-01 17:00:00,0.027427394,1.6540699,1.2373334308296262
2020-01-01 18:00:00,1.0162191,1.2503719,1.2051372716471906
2020-01-01 19:00:00,1.3117008,0.29530603,1.0056437083321226
2020-01-01 20:00:00,1.5120726,-0.13020855,1.1351417930720966
2020-01-01 21:00:00,1.4727783,-0.3173625,1.1268510183956313
2020-01-01 22:00:00,1.1857862,-0.35900754,0.9266674445679717
2020-01-01 23:00:00,1.1280537,-0.6669819,0.9801783676786806
2020-01-02 00:00:00,1.0722628,-0.90581924,1.0498675487904618
2020-01-02 01:00:00,1.0242205,-0.9913379,1.0661329328642046
2020-01-02 02:00:00,1.0573769,-1.1463394,1.1664535944803842
2020-01-02 03:00:00,1.1087914,-1.1832104,1.2128356020836362
2020-01-02 04:00:00,1.1597824,-1.0944061,1.1926994006775984
2020-01-02 05:00:00,1.2212572,-0.9563717,1.1601962988015126
2020-01-02 06:00:00,1.3046837,-0.8311337,1.1570256261402927
2020-01-02 07:00:00,1.3213749,-0.7327277,1.1301046968793311
2020-01-02 08:00:00,1.2726221,-0.79275876,1.1214362204046227
2020-01-02 09:00:00,0.83857566,-0.62337816,0.7815317366345816
2020-01-02 10:00:00,0.07682049,-0.18327725,0.1486371656945529
2020-01-02 11:00:00,-0.76318514,0.36060596,0.631338151516992
2020-01-02 12:00:00,-1.198101,0.7501013,1.0572594986660773
2020-01-02 13:00:00,-1.4641056,0.9700136,1.3136141136835873
2020-01-02 14:00:00,-1.622385,0.9651361,1.4119487665729231
2020-01-02 15:00:00,-1.6053371,0.7554238,1.3270120144199138
2020-01-02 16:00:00,-1.5154629,0.49483973,1.192388399622502
2020-01-02 17:00:00,-1.0458231,0.3221442,0.8184932345707562
2020-01-02 18:00:00,-0.62635493,-0.16798502,0.4850389019389609
2020-01-02 19:00:00,-0.09890747,-0.55855274,0.42426950560534965
2020-01-02 20:00:00,0.64818984,-0.33553594,0.5459194634839439
2020-01-02 21:00:00,1.0723057,-0.13100195,0.8079952381353365
2020-01-02 22:00:00,1.1896782,-0.06361741,0.891092404740543
2020-01-02 23:00:00,1.2405252,-0.15972966,0.9355120323752133
2020-01-03 00:00:00,1.2012434,-0.38606465,0.9437327695162614
2020-01-03 01:00:00,1.1452026,-0.66436374,0.9902567911245359
2020-01-03 02:00:00,1.0575657,-0.79355794,0.9889314515355903
2020-01-03 03:00:00,1.0482893,-0.88416225,1.025717026973976
2020-01-03 04:00:00,1.0849886,-0.8865233,1.0479656251574774
2020-01-03 05:00:00,1.1086769,-0.9071051,1.0714263091058158
2020-01-03 06:00:00,1.1242094,-0.982695,1.1168129889704854
2020-01-03 07:00:00,1.1495438,-1.0440454,1.1614892147462277
2020-01-03 08:00:00,1.086132,-1.024745,1.1168753273450636
2020-01-03 09:00:00,0.7020531,-0.7602915,0.7740197955228926
2020-01-03 10:00:00,0.13477987,-0.23603106,0.2032945230462142
2020-01-03 11:00:00,-0.59910196,0.36170322,0.5234334428412419
2020-01-03 12:00:00,-0.97624934,0.8332819,0.960009540650753
2020-01-03 13:00:00,-1.2904787,1.1427488,1.2892581291823828
2020-01-03 14:00:00,-1.3736572,1.2545052,1.3914136416905996
2020-01-03 15:00:00,-1.2790842,1.1575584,1.2902964566813402
2020-01-03 16:00:00,-1.0341988,0.9942149,1.072998404453175
2020-01-03 17:00:00,-0.5957571,0.970133,0.8515102238178396
2020-01-03 18:00:00,-0.12183356,0.70939314,0.5383596018686031
2020-01-03 19:00:00,0.025863834,0.012403928,0.021454534535978554
2020-01-03 20:00:00,0.38764858,-0.28177708,0.35844711411567226
2020-01-03 21:00:00,0.6427,-0.45324147,0.5882201963698749
2020-01-03 22:00:00,0.65711606,-0.6095399,0.6703830167631918
2020-01-03 23:00:00,0.8351407,-0.75905865,0.8441018213937084
2020-01-04 00:00:00,0.9732293,-0.9969132,1.0420467604077508
2020-01-04 01:00:00,0.8523031,-1.1309557,1.0592110517274416
2020-01-04 02:00:00,0.8467472,-1.2121677,1.1059390555279138
2020-01-04 03:00:00,0.9358232,-1.2183619,1.1490657918698246
2020-01-04 04:00:00,0.92128384,-1.1132202,1.0807888281043805
2020-01-04 05:00:00,0.8642243,-1.0026293,0.9900536418664586
2020-01-04 06:00:00,0.92146933,-1.011199,1.0232531492546424
2020-01-04 07:00:00,0.9132033,-1.1083841,1.0741514031016097
2020-01-04 08:00:00,1.0319519,-1.0642309,1.1087632847155169
2020-01-04 09:00:00,0.6834457,-0.64421904,0.7024834329289429
2020-01-04 10:00:00,0.20104581,-0.11839932,0.17451129610494034
2020-01-04 11:00:00,-0.6404894,0.45400435,0.5871995302854937
2020-01-04 12:00:00,-1.2837906,0.7074583,1.0963583979758762
2020-01-04 13:00:00,-1.6671,0.79949766,1.3828842260371328
2020-01-04 14:00:00,-1.7529106,0.8057449,1.4429681116185353
2020-01-04 15:00:00,-1.6899853,0.72157,1.3744226354599796
2020-01-04 16:00:00,-1.5538034,0.58921665,1.242923078903647
2020-01-04 17:00:00,-1.1184502,0.60851485,0.9523450151662884
2020-01-04 18:00:00,-0.41229558,0.57594836,0.5297818066825891
2020-01-04 19:00:00,-0.12444991,-0.1416291,0.14101720826571046
2020-01-04 20:00:00,0.46747553,-0.29362816,0.41290074530986415
2020-01-04 21:00:00,0.75116706,-0.4567393,0.6575433307603499
2020-01-04 22:00:00,0.8979063,-0.541936,0.7844328651958434
2020-01-04 23:00:00,1.0598564,-0.58923244,0.9069937647892239
2020-01-05 00:00:00,1.1982193,-0.74440837,1.0550812475052584
2020-01-05 01:00:00,1.0531034,-0.74601066,0.9652796987682645
2020-01-05 02:00:00,1.012516,-0.7507818,0.9427928397249805
2020-01-05 03:00:00,1.0774422,-0.70320433,0.9623250158312291
2020-01-05 04:00:00,1.149663,-0.67233497,0.9961403416681092
2020-01-05 05:00:00,1.2305622,-0.7206282,1.0666076993133844
2020-01-05 06:00:00,1.2674656,-0.77460635,1.1110243667587976
2020-01-05 07:00:00,1.1706734,-0.8269085,1.072013479313783
2020-01-05 08:00:00,1.1086044,-0.7965594,1.0210314760392918
2020-01-05 09:00:00,0.7831875,-0.5045012,0.6968014975194295
2020-01-05 10:00:00,0.028552964,0.060674798,0.05015569881194285
2020-01-05 11:00:00,-0.6767343,0.56225276,0.6580683867736425
2020-01-05 12:00:00,-1.1060629,1.0160427,1.1233512784871207
2020-01-05 13:00:00,-1.5123281,1.3566456,1.519578841430526
2020-01-05 14:00:00,-1.749239,1.4194288,1.68490239244681
2020-01-05 15:00:00,-1.7256832,1.2579374,1.5972545786230714
2020-01-05 16:00:00,-1.5138893,1.0037479,1.3585910605663756
2020-01-05 17:00:00,-0.88480365,0.85808486,0.921889410955656
2020-01-05 18:00:00,0.080714345,0.7898522,0.5938473923295945
2020-01-05 19:00:00,0.08766425,0.19205737,0.15790636732697402
2020-01-05 20:00:00,0.78988045,0.004602216,0.5908019631778202
2020-01-05 21:00:00,0.8903766,-0.08111602,0.6687160930152295
2020-01-05 22:00:00,0.7268525,0.090967536,0.5478911968614684
2020-01-05 23:00:00,0.7120228,0.24460012,0.5631061615211359
2020-01-06 00:00:00,0.8017274,0.055022314,0.6010634157881845
2020-01-06 01:00:00,0.84255964,-0.28802532,0.6659979664219559
2020-01-06 02:00:00,0.895225,-0.57383287,0.795333325474575
2020-01-06 03:00:00,1.0806541,-0.9124342,1.0578549951905554
2020-01-06 04:00:00,1.1755123,-0.81347346,1.0692217062677047
2020-01-06 05:00:00,1.137723,-0.6612261,0.9842403841402743
2020-01-06 06:00:00,1.0978756,-0.6246264,0.9447569435044171
2020-01-06 07:00:00,1.050971,-0.8139072,0.9942363292586298
2020-01-06 08:00:00,0.9401818,-0.8297678,0.9379128863566464
2020-01-06 09:00:00,0.45364952,-0.5832431,0.5526596114704472
2020-01-06 10:00:00,-0.33670944,-0.4492606,0.41992529076397345
2020-01-06 11:00:00,-1.327837,-0.18973541,1.003244874819493
2020-01-06 12:00:00,-2.1222715,-0.30350924,1.6035056429514507
2020-01-06 13:00:00,-2.661951,-0.70395684,2.0594529242757726
2020-01-06 14:00:00,-2.963213,-1.0899076,2.361504327562158
2020-01-06 15:00:00,-2.998085,-1.3203087,2.450236673767883
2020-01-06 16:00:00,-2.664424,-1.3246031,2.2255445139443326
2020-01-06 17:00:00,-1.9048204,-1.1760435,1.6743781943059555
2020-01-06 18:00:00,-0.8906351,-1.2887468,1.1717076107344047
2020-01-06 19:00:00,0.11736983,-1.495328,1.1218720991985471
2020-01-06 20:00:00,1.0477085,-1.0185909,1.0929355847782436
2020-01-06 21:00:00,1.2461824,-0.6203875,1.0411982213059845
2020-01-06 22:00:00,1.1191244,-0.49284822,0.9146248446458684
2020-01-06 23:00:00,1.1407938,-0.48109704,0.9260301459166259
2020-01-07 00:00:00,1.2434444,-0.47399414,0.9953159291313598
2020-01-07 01:00:00,1.3268118,-0.6179229,1.0947352485385882
2020-01-07 02:00:00,1.2582397,-0.7083803,1.0799983295994624
2020-01-07 03:00:00,1.0904694,-0.80448824,1.013556435380813
2020-01-07 04:00:00,1.0208292,-0.84839725,0.9927962791099424
2020-01-07 05:00:00,1.0825348,-0.87440586,1.0408263089324439
2020-01-07 06:00:00,1.1926098,-0.908158,1.1211956425730185
2020-01-07 07:00:00,1.277503,-0.9319761,1.182754823647533
2020-01-07 08:00:00,1.3357811,-0.8666561,1.1909589008481252
2020-01-07 09:00:00,1.0495558,-0.5663133,0.8920012329418355
2020-01-07 10:00:00,0.583221,-0.13657635,0.448021980295615
2020-01-07 11:00:00,-0.3064357,0.4476629,0.40576253031687853
2020-01-07 12:00:00,-0.9411628,0.8579026,0.9525104260525807
2020-01-07 13:00:00,-1.4786406,0.94264513,1.3115739026903661
2020-01-07 14:00:00,-1.9536161,0.87122875,1.599925844512544
2020-01-07 15:00:00,-2.2343292,0.70826715,1.7531228806684278
2020-01-07 16:00:00,-2.29,0.44349617,1.7446331478735457
2020-01-07 17:00:00,-1.6021109,0.2608773,1.2140829281721257
2020-01-07 18:00:00,-0.7003567,-0.3165806,0.5748639322893817
2020-01-07 19:00:00,0.33044183,-0.61881894,0.5247017710297903
2020-01-07 20:00:00,1.191433,-0.7703897,1.0611980711245539
2020-01-07 21:00:00,1.5041094,-0.8141749,1.279242523555838
2020-01-07 22:00:00,1.3386889,-0.7706233,1.1553237242259176
2020-01-07 23:00:00,1.1069431,-0.8197393,1.0302454112615391
2020-01-08 00:00:00,1.0581102,-0.99548864,1.0866148461351166
2020-01-08 01:00:00,1.1105127,-1.2366714,1.2431736200080723
2020-01-08 02:00:00,1.1969652,-1.3591604,1.354605845506554
2020-01-08 03:00:00,1.2766752,-1.3395157,1.3840534838817233
2020-01-08 04:00:00,1.4026327,-1.2695732,1.415030662366015
2020-01-08 05:00:00,1.4458132,-1.2025585,1.4065702193862586
2020-01-08 06:00:00,1.3903904,-1.1978846,1.3726711605114341
2020-01-08 07:00:00,1.2663975,-1.1632528,1.286153954232034
2020-01-08 08:00:00,1.0249567,-1.1679487,1.1622496598771312
2020-01-08 09:00:00,0.5809736,-0.7552359,0.7126806727607025
2020-01-08 10:00:00,-0.48013133,-0.5178426,0.528186421400326
2020-01-08 11:00:00,-1.0853472,-0.24842143,0.8327795219814795
2020-01-08 12:00:00,-1.2762146,0.27508253,0.9764684195430283
2020-01-08 13:00:00,-1.2585278,0.786775,1.1101234391069197
2020-01-08 14:00:00,-1.3363037,1.1125021,1.3005250885861865
2020-01-08 15:00:00,-1.5768986,1.0729265,1.4265645651904084
2020-01-08 16:00:00,-1.6912069,0.8817662,1.42654732669974
2020-01-08 17:00:00,-1.073679,0.58814204,0.9156514656687522
2020-01-08 18:00:00,-0.039710365,0.008924045,0.030442175509939808
2020-01-08 19:00:00,0.39009792,-0.8086977,0.6715619230519387
2020-01-08 20:00:00,1.2224836,-0.8828263,1.127856793073943
2020-01-08 21:00:00,1.6319151,-0.9253146,1.4031518289133744
2020-01-08 22:00:00,1.3753767,-0.78726417,1.1853186235406257
2020-01-08 23:00:00,1.0655756,-0.7705914,0.9835663088064237
2020-01-09 00:00:00,0.99292195,-0.8033055,0.9552696125056356
2020-01-09 01:00:00,1.1783457,-0.88623554,1.102793422985961
2020-01-09 02:00:00,1.3337193,-0.9725473,1.2346076764300646
2020-01-09 03:00:00,1.4407358,-0.92195374,1.2793502298201858
2020-01-09 04:00:00,1.4353495,-0.7836397,1.2231502851234997
2020-01-09 05:00:00,1.4129429,-0.7267224,1.1884029556565938
2020-01-09 06:00:00,1.410553,-0.74085337,1.1916913254478478
2020-01-09 07:00:00,1.2581682,-0.80199677,1.1159736051166786
2020-01-09 08:00:00,1.1206436,-0.78924984,1.0251998763442343
2020-01-09 09:00:00,0.51751316,-0.49794638,0.5371572299769195
2020-01-09 10:00:00,-0.30124688,-0.112351894,0.24047834666140627
2020-01-09 11:00:00,-0.95227855,0.1505844,0.7211078925290466
2020-01-09 12:00:00,-1.352047,0.34816486,1.044255896657154
2020-01-09 13:00:00,-1.6159754,0.4837324,1.2616614383587383
2020-01-09 14:00:00,-1.887497,0.51368916,1.4631042013846869
2020-01-09 15:00:00,-2.0762987,0.4524181,1.5894089655428922
2020-01-09 16:00:00,-2.063096,0.2611078,1.5554042441793234
2020-01-09 17:00:00,-1.7086449,-0.016439661,1.2780419169891615
2020-01-09 18:00:00,-1.282835,-0.541925,1.0416003233053432
2020-01-09 19:00:00,-0.79004085,-0.81848407,0.8508517049135038
2020-01-09 20:00:00,-0.6417769,-0.984575,0.8790463438575168
2020-01-09 21:00:00,-0.47160846,-1.1178951,0.9074912473495664
2020-01-09 22:00:00,-0.12187797,-1.3102417,0.9842273248001282
2020-01-09 23:00:00,0.45522147,-1.4116106,1.1093582223014726
2020-01-10 00:00:00,0.5006267,-1.2182846,0.9851524971518669
2020-01-10 01:00:00,0.6483564,-1.0425758,0.9182848411714888
2020-01-10 02:00:00,0.9155874,-0.88858104,0.9542978165378637
2020-01-10 03:00:00,0.84893924,-0.81052536,0.8778948699517531
2020-01-10 04:00:00,0.5910874,-0.81276417,0.7516703296898232
2020-01-10 05:00:00,0.39211363,-1.0188742,0.8165548976682546
2020-01-10 06:00:00,0.47919387,-1.2718306,1.0165477141173833
2020-01-10 07:00:00,0.54311866,-1.2288198,1.0048677714147907
2020-01-10 08:00:00,0.29638004,-1.1299343,0.8737248924591468
2020-01-10 09:00:00,-0.19153368,-0.93366116,0.712875587114646
2020-01-10 10:00:00,-0.23125517,-1.2878189,0.9786323166610589
2020-01-10 11:00:00,-0.14939392,-1.0836744,0.81820132306657
2020-01-10 12:00:00,-0.27412826,-0.70705134,0.5671954677781899
2020-01-10 13:00:00,-1.076685,-0.19149625,0.8179457333714238
2020-01-10 14:00:00,-2.1286173,0.29040372,1.606849926312417
2020-01-10 15:00:00,-2.776946,0.43238217,2.102046444383289
2020-01-10 16:00:00,-2.8239431,0.08619404,2.1131549563584433
2020-01-10 17:00:00,-2.1064358,-0.49765134,1.6188827880187653
2020-01-10 18:00:00,-1.2103386,-1.3117638,1.3349708711226331
2020-01-10 19:00:00,0.014884859,-1.503274,1.124430494377986
2020-01-10 20:00:00,0.060415637,-1.2086859,0.9051665449290999
2020-01-10 21:00:00,-0.34641343,-1.2464628,0.9676278163059493
2020-01-10 22:00:00,-0.3024649,-1.2122307,0.9344864468379259
2020-01-10 23:00:00,-0.35601598,-1.187336,0.9271317690416249
2020-01-11 00:00:00,-0.11802882,-0.9438582,0.7114580121134921
2020-01-11 01:00:00,0.1667549,-0.6959496,0.5352702149345916
2020-01-11 02:00:00,0.3252982,-0.7452915,0.6082264791541615
2020-01-11 03:00:00,0.44128138,-0.8740552,0.7323437052115289
2020-01-11 04:00:00,0.48110485,-1.0140896,0.8395195459285391
2020-01-11 05:00:00,0.2671876,-1.0913391,0.8403756298852347
2020-01-11 06:00:00,0.17809361,-1.1740971,0.8882123697890515
2020-01-11 07:00:00,0.47311515,-0.98367566,0.8164172048778692
2020-01-11 08:00:00,0.47390306,-0.9355139,0.7843758299488494
2020-01-11 09:00:00,-0.3105383,-0.5730928,0.4875295252949107
2020-01-11 10:00:00,-1.314064,-0.34818608,1.0167727926335761
2020-01-11 11:00:00,-1.5877771,-0.36915272,1.219254310251478
2020-01-11 12:00:00,-1.7043791,-0.2454896,1.2879476874778484
2020-01-11 13:00:00,-1.8873663,-0.21216583,1.4205490939513152
2020-01-11 14:00:00,-2.0378914,-0.30953383,1.5417252103015344
2020-01-11 15:00:00,-1.8508291,-0.31318444,1.4040085548798822
2020-01-11 16:00:00,-1.758687,-0.5028609,1.3681268532065525
2020-01-11 17:00:00,-1.6001663,-0.7668131,1.327172654586993
2020-01-11 18:00:00,-1.3654032,-1.3981247,1.4616806006524268
2020-01-11 19:00:00,-0.69310176,-1.6979437,1.3717110363054852
2020-01-11 20:00:00,-0.010235343,-1.8671484,1.3965566357134285
2020-01-11 21:00:00,0.40519696,-1.7801218,1.3655010371451823
2020-01-11 22:00:00,0.609863,-1.6649294,1.3262003027852893
2020-01-11 23:00:00,0.81061244,-1.5517769,1.3094707457262438
2020-01-12 00:00:00,1.0197687,-1.6238775,1.4342157286334078
2020-01-12 01:00:00,1.2547531,-1.710742,1.5868277930563195
2020-01-12 02:00:00,1.487648,-1.7860546,1.7385780741741514
2020-01-12 03:00:00,1.6603823,-1.7549963,1.807022754969758
2020-01-12 04:00:00,1.8517027,-1.6611223,1.8605995559085657
2020-01-12 05:00:00,1.9739876,-1.5475311,1.876072362423166
2020-01-12 06:00:00,2.0272675,-1.4531136,1.8655873570463233
2020-01-12 07:00:00,1.9451265,-1.4100666,1.7969211405082661
2020-01-12 08:00:00,1.9335423,-1.2313004,1.7145359027587186
2020-01-12 09:00:00,1.3587399,-0.7321659,1.1544258019984839
2020-01-12 10:00:00,0.77370757,-0.13153738,0.586998886439001
2020-01-12 11:00:00,-0.14883482,0.91300046,0.6918938200575991
2020-01-12 12:00:00,-0.8772768,1.7034559,1.4331368417794392
2020-01-12 13:00:00,-1.1771822,2.1134949,1.8094571328536668
2020-01-12 14:00:00,-1.1784258,2.1460524,1.8312170466267301
2020-01-12 15:00:00,-1.0191793,1.8102512,1.5538197227009678
2020-01-12 16:00:00,-0.7680057,1.402133,1.1957419041777637
2020-01-12 17:00:00,-0.02538301,1.0653276,0.7970391007690731
2020-01-12 18:00:00,1.1798372,0.6801412,1.0185896270140262
2020-01-12 19:00:00,1.661871,-0.12613487,1.2465733010288085
2020-01-12 20:00:00,1.8624086,-0.54353666,1.4511018141286687
2020-01-12 21:00:00,1.7219763,-0.62655514,1.3705626730393603
2020-01-12 22:00:00,1.680728,-0.5583333,1.324651238057731
2020-01-12 23:00:00,1.6912241,-0.61285603,1.345445584147528
2020-01-13 00:00:00,1.6887598,-0.7982461,1.3971090407522262
2020-01-13 01:00:00,1.6339836,-0.9364696,1.4086279545434228
2020-01-13 02:00:00,1.5710096,-1.0262346,1.4035255161769489
2020-01-13 03:00:00,1.5293274,-1.0613861,1.392351205266218
2020-01-13 04:00:00,1.5322142,-1.0333157,1.3822778365303605
2020-01-13 05:00:00,1.5073433,-0.98813695,1.3480764477711322
2020-01-13 06:00:00,1.4875288,-0.9708089,1.328579222752132
2020-01-13 07:00:00,1.4802246,-1.0989141,1.3788853249010626
2020-01-13 08:00:00,1.391017,-1.0581255,1.3072160181157537
2020-01-13 09:00:00,0.8036565,-0.64864457,0.772457702333367
2020-01-13 10:00:00,-0.0109272,-0.010946579,0.01156863703046754
2020-01-13 11:00:00,-0.67543775,0.72838014,0.7429808008393253
2020-01-13 12:00:00,-0.7558231,1.4095068,1.1962490000985062
2020-01-13 13:00:00,-0.7477239,1.876359,1.5107526855739772
2020-01-13 14:00:00,-0.79655325,2.1879034,1.7415247593660608
2020-01-13 15:00:00,-0.82156855,2.1476517,1.7198618337890077
2020-01-13 16:00:00,-0.53414416,1.8068638,1.4092610495735758
2020-01-13 17:00:00,0.33657056,1.1986513,0.9312050104504389
2020-01-13 18:00:00,1.3483858,0.59725237,1.1030325113395087
2020-01-13 19:00:00,1.5513926,-0.1286999,1.164351686819004
2020-01-13 20:00:00,1.8635769,-0.3809142,1.4226836478020681
2020-01-13 21:00:00,1.9830084,-0.36348552,1.5079042369241378
2020-01-13 22:00:00,1.874135,-0.42619234,1.4375498981923047
2020-01-13 23:00:00,1.7671099,-0.63916,1.4055118748512274
2020-01-14 00:00:00,1.6032352,-0.7956622,1.3386948666024316
2020-01-14 01:00:00,1.537137,-0.8373449,1.3092213709120655
2020-01-14 02:00:00,1.5153332,-0.824283,1.2902269005449674
2020-01-14 03:00:00,1.5551472,-0.84515053,1.323844275412667
2020-01-14 04:00:00,1.635788,-0.87531143,1.3876402248724296
2020-01-14 05:00:00,1.7122402,-0.9009164,1.4471291458514375
2020-01-14 06:00:00,1.7386847,-0.98644674,1.4951729997413303
2020-01-14 07:00:00,1.6341906,-0.8794857,1.3880637844616672
2020-01-14 08:00:00,1.5648451,-0.85235775,1.3327921237145637
2020-01-14 09:00:00,0.9047766,-0.5124591,0.7777378473752165
2020-01-14 10:00:00,0.028650064,0.06507766,0.053183099571521564
2020-01-14 11:00:00,-0.5983394,0.6782395,0.6764798273050058
2020-01-14 12:00:00,-1.1076899,1.2373333,1.2421327138105325
2020-01-14 13:00:00,-1.5619421,1.4005957,1.569152752772818
2020-01-14 14:00:00,-2.0437813,1.1498289,1.7539649581825865
2020-01-14 15:00:00,-2.2795086,0.75495297,1.7960349366032735
2020-01-14 16:00:00,-2.079502,0.26186478,1.5676494581709686
2020-01-14 17:00:00,-1.2177534,-0.26098394,0.9315027214526069
2020-01-14 18:00:00,-0.3111108,-0.7599058,0.6141615582887646
2020-01-14 19:00:00,0.46051365,-0.9035448,0.7585219626208354
2020-01-14 20:00:00,1.4183493,-0.9467162,1.2754673922539075
2020-01-14 21:00:00,1.7514172,-0.9872407,1.50375488572252
2020-01-14 22:00:00,1.6972132,-0.8663713,1.4252603175811704
2020-01-14 23:00:00,1.5346813,-0.77893895,1.287256751724193
2020-01-15 00:00:00,1.5316715,-0.88231033,1.3220951229259188
2020-01-15 01:00:00,1.5580416,-0.8984213,1.3452008425535673
2020-01-15 02:00:00,1.6138744,-0.9129866,1.3868665230740629
2020-01-15 03:00:00,1.6624279,-0.9507469,1.4323968423773161
2020-01-15 04:00:00,1.649683,-1.0275488,1.4536656707970355
2020-01-15 05:00:00,1.6759758,-1.1227007,1.5088143470589546
2020-01-15 06:00:00,1.6871948,-1.1474543,1.5261277128228372
2020-01-15 07:00:00,1.4971476,-1.1504221,1.4122064658899578
2020-01-15 08:00:00,1.421731,-1.1404991,1.3632538953720252
2020-01-15 09:00:00,0.8349409,-0.672899,0.8020600610195746
2020-01-15 10:00:00,-0.043476075,-0.20778096,0.1587755772444048
2020-01-15 11:00:00,-0.9422426,-0.07065797,0.7067301440892283
2020-01-15 12:00:00,-1.4404726,-0.1008625,1.080040980656076
2020-01-15 13:00:00,-1.8267918,-0.38708413,1.3966876908946366
2020-01-15 14:00:00,-1.9988852,-0.65834177,1.5740693446795886
2020-01-15 15:00:00,-2.2042704,-0.7903113,1.7514516169837842
2020-01-15 16:00:00,-2.559865,-0.95643353,2.0439292728760927
2020-01-15 17:00:00,-1.9765434,-0.8190165,1.600250365858527
2020-01-15 18:00:00,-1.1152716,-1.0028114,1.1217923322831167
2020-01-15 19:00:00,-0.2592556,-1.273715,0.97221079427677
2020-01-15 20:00:00,0.9964562,-1.2882156,1.2181329926093227
2020-01-15 21:00:00,1.7073326,-1.0195389,1.487359374625083
2020-01-15 22:00:00,1.5196371,-0.9752833,1.3505591045810932
2020-01-15 23:00:00,1.3326464,-0.9732701,1.2342781626845398
2020-01-16 00:00:00,1.2703829,-0.9690249,1.195056818613959
2020-01-16 01:00:00,1.3053999,-0.98231786,1.2219371903204106
2020-01-16 02:00:00,1.4167185,-1.0375757,1.3134273541734236
2020-01-16 03:00:00,1.5754948,-1.0942965,1.4347543090691026
2020-01-16 04:00:00,1.7450771,-1.1125908,1.5479429760760328
2020-01-16 05:00:00,1.8662128,-1.0742359,1.6105686591395223
2020-01-16 06:00:00,1.920351,-0.99766135,1.618597275904112
2020-01-16 07:00:00,1.5385466,-0.9400351,1.3485521633054636
2020-01-16 08:00:00,1.6070547,-0.7579287,1.328972637842044
2020-01-16 09:00:00,1.1679926,-0.5084433,0.9527855379646454
2020-01-16 10:00:00,0.5551818,0.18260741,0.43713392513418936
2020-01-16 11:00:00,-0.019408278,1.2474728,0.9331615115122931
2020-01-16 12:00:00,-0.45276362,1.7085333,1.3220087379155738
2020-01-16 13:00:00,-0.7195264,1.8220854,1.4652423393155538
2020-01-16 14:00:00,-0.90666264,1.6760921,1.4252976640394626
2020-01-16 15:00:00,-0.99440765,1.3220263,1.237310936712113
2020-01-16 16:00:00,-0.85376024,0.9609734,0.9614521647409954
2020-01-16 17:00:00,-0.45856732,0.8963151,0.7530440152789203
2020-01-16 18:00:00,0.27806234,0.48969418,0.42119611829990083
2020-01-16 19:00:00,1.3736753,-0.5890983,1.117935611270204
2020-01-16 20:00:00,1.8316402,-0.99140024,1.5577830459773523
2020-01-16 21:00:00,1.7368355,-0.86803514,1.4522741824133933
2020-01-16 22:00:00,1.5015783,-0.87203926,1.298764859374068
2020-01-16 23:00:00,1.4910679,-1.0170307,1.3499708678733857
2020-01-17 00:00:00,1.4326401,-1.0903931,1.3466058117919488
2020-01-17 01:00:00,1.2181549,-1.0876217,1.2214346362545354
2020-01-17 02:00:00,1.005456,-1.0559502,1.0905661359818033
2020-01-17 03:00:00,1.077899,-1.1923742,1.2022304425515367
2020-01-17 04:00:00,1.3033152,-1.4381924,1.4516856961125504
2020-01-17 05:00:00,1.4317713,-1.4432459,1.5205548614276512
2020-01-17 06:00:00,1.4378624,-1.4461374,1.5252997894991165
2020-01-17 07:00:00,1.3549032,-1.3791533,1.4460481563980372
2020-01-17 08:00:00,1.2321291,-1.3846588,1.386319225194513
2020-01-17 09:00:00,0.6799935,-0.94921243,0.8733415153536312
2020-01-17 10:00:00,-0.3754555,-0.8301774,0.6814821053649122
2020-01-17 11:00:00,-1.2506657,-1.0402355,1.2167153830570874
2020-01-17 12:00:00,-1.7731428,-1.2669954,1.6300036639921207
2020-01-17 13:00:00,-1.999917,-1.3457241,1.8029564288506554
2020-01-17 14:00:00,-2.047554,-1.2245464,1.7844538022009317
2020-01-17 15:00:00,-2.069044,-0.9217249,1.6941579519642225
2020-01-17 16:00:00,-2.2700539,-0.6398422,1.7640458375496855
2020-01-17 17:00:00,-1.9436331,-0.39357507,1.4832476854313523
2020-01-17 18:00:00,-1.1234941,-0.6363889,0.9657638385752134
2020-01-17 19:00:00,0.079698086,-1.114788,0.8359350284172524
2020-01-17 20:00:00,1.2726641,-1.089468,1.2530389256077707
2020-01-17 21:00:00,1.758174,-0.9662628,1.5005396342645207
2020-01-17 22:00:00,1.51929,-0.8806331,1.31344908939188
2020-01-17 23:00:00,1.3591557,-0.9213096,1.228124609073496
2020-01-18 00:00:00,1.3310137,-0.9202456,1.210306261617101
2020-01-18 01:00:00,1.430048,-0.9450268,1.2820572918609894
2020-01-18 02:00:00,1.535181,-1.0186014,1.3780031244389748
2020-01-18 03:00:00,1.6488132,-1.1237049,1.4924009799855884
2020-01-18 04:00:00,1.6968174,-1.1479092,1.5322749847022246
2020-01-18 05:00:00,1.7458954,-1.1402178,1.5596613430749724
2020-01-18 06:00:00,1.7622633,-1.1453409,1.5720105656232772
2020-01-18 07:00:00,1.7413454,-1.238553,1.5982889280217292
2020-01-18 08:00:00,1.6460943,-1.1509085,1.5022866534463992
2020-01-18 09:00:00,1.1267471,-0.7412433,1.0087641222894186
2020-01-18 10:00:00,0.4752797,-0.13428843,0.36940315844797367
2020-01-18 11:00:00,-0.2627973,0.60782874,0.49529848317398034
2020-01-18 12:00:00,-0.8879564,1.020052,1.0115253749254682
2020-01-18 13:00:00,-1.3094358,1.1587658,1.3078155848146316
2020-01-18 14:00:00,-1.5413809,1.0961561,1.4146784804903223
2020-01-18 15:00:00,-1.4893255,0.8592026,1.2860234468915548
2020-01-18 16:00:00,-1.2759323,0.4858743,1.021186643602376
2020-01-18 17:00:00,-0.7525106,0.23675996,0.5900416714173731
2020-01-18 18:00:00,-0.14207089,-0.29705352,0.24628488771895254
2020-01-18 19:00:00,0.8860578,-0.8485627,0.917622611341997
2020-01-18 20:00:00,1.5069523,-0.9434733,1.329807165677842
2020-01-18 21:00:00,1.5513449,-0.8660861,1.3289085017349878
2020-01-18 22:00:00,1.3340597,-0.81311387,1.1685450766104704
2020-01-18 23:00:00,1.3120956,-0.83327854,1.162564321281518
2020-01-19 00:00:00,1.3611269,-0.82244235,1.189472184770015
2020-01-19 01:00:00,1.3791189,-0.791954,1.18949152432211
2020-01-19 02:00:00,1.3300066,-0.7980906,1.1601360422077729
2020-01-19 03:00:00,1.4010458,-0.80278856,1.2077496524550484
2020-01-19 04:00:00,1.6348686,-0.7766768,1.3537753757424693
2020-01-19 05:00:00,1.8349504,-0.70010036,1.468954520328908
2020-01-19 06:00:00,1.6973372,-0.5564481,1.3360064266372622
2020-01-19 07:00:00,1.3151321,-0.45226866,1.0401951904641467
2020-01-19 08:00:00,1.5168858,-0.27661473,1.1532663685636866
2020-01-19 09:00:00,0.62480867,0.15513259,0.48151553978202827
2020-01-19 10:00:00,-0.48816186,1.1307201,0.9211739555957769
2020-01-19 11:00:00,-0.5455646,1.9335489,1.5026655745140904
2020-01-19 12:00:00,-0.5022337,2.763441,2.100776791423856
2020-01-19 13:00:00,-0.2550515,3.5043316,2.6280015563700867
2020-01-19 14:00:00,-0.27453077,4.181987,3.134654015901897
2020-01-19 15:00:00,-0.793882,4.674775,3.5465637313521885
2020-01-19 16:00:00,-1.6701641,4.279951,3.4362983596215955
2020-01-19 17:00:00,-2.4540453,3.1334772,2.9769033242355087
2020-01-19 18:00:00,-2.311081,2.2401571,2.4073568494501787
2020-01-19 19:00:00,-1.8831625,2.1690693,2.1484772684862556
2020-01-19 20:00:00,-1.7245579,2.0313644,1.993053338803297
2020-01-19 21:00:00,-1.0055532,2.0374327,1.6993917893671262
2020-01-19 22:00:00,0.041399933,2.157815,1.614237055763381
2020-01-19 23:00:00,0.63193846,2.3166761,1.7960693787888968
2020-01-20 00:00:00,0.4828394,2.7012901,2.0524549236908896
2020-01-20 01:00:00,0.047523204,2.611802,1.9538235438031875
2020-01-20 02:00:00,-0.077043116,1.7517042,1.3114556539047688
2020-01-20 03:00:00,-0.107569814,1.7090473,1.280813312235519
2020-01-20 04:00:00,0.0836063,1.4161558,1.0610595674742598
2020-01-20 05:00:00,0.60643333,1.3341637,1.0961385873406266
2020-01-20 06:00:00,0.7410642,1.3189611,1.1315673266070436
2020-01-20 07:00:00,0.44889724,1.1459599,0.9205368839307488
2020-01-20 08:00:00,0.34785008,0.84783655,0.6854376863301339
2020-01-20 09:00:00,0.31353682,0.99738216,0.7819850919784466
2020-01-20 10:00:00,0.49862278,1.2982063,1.0401534703498212
2020-01-20 11:00:00,0.30412787,1.3580179,1.0408906055374367
2020-01-20 12:00:00,0.005606197,1.6093578,1.20372822558162
2020-01-20 13:00:00,0.31183612,1.8046618,1.3698016509705488
2020-01-20 14:00:00,0.6008024,1.8410892,1.448511715639627
2020-01-20 15:00:00,0.95093364,1.7101097,1.4635302243922734
2020-01-20 16:00:00,1.0784168,1.6100426,1.449408752131836
2020-01-20 17:00:00,1.1465282,1.3926048,1.3491916295526583
2020-01-20 18:00:00,1.7404661,0.79018825,1.4296669113572988
2020-01-20 19:00:00,1.6147289,0.25327867,1.222505290377076
2020-01-20 20:00:00,1.5889807,-0.0023987503,1.1884811583317696
2020-01-20 21:00:00,1.6920376,-0.040405545,1.2659221179355298
2020-01-20 22:00:00,1.8348331,-0.08080071,1.3736954694585226
2020-01-20 23:00:00,1.9666395,-0.23082948,1.4810476200039269
2020-01-21 00:00:00,1.8899746,-0.4997282,1.4621883488759235
2020-01-21 01:00:00,1.7163305,-0.61591595,1.3638868771879222
2020-01-21 02:00:00,1.5816202,-0.6942544,1.2919242847169772
2020-01-21 03:00:00,1.5338144,-0.7968333,1.2927939965999464
2020-01-21 04:00:00,1.6069269,-0.8515031,1.3602167605885103
2020-01-21 05:00:00,1.6267147,-0.84790945,1.3720675089015888
2020-01-21 06:00:00,1.5906296,-0.7841802,1.3264361574445225
2020-01-21 07:00:00,1.8432035,-0.6817577,1.4699080512914762
2020-01-21 08:00:00,1.7055349,-0.69232506,1.3767508839724232
2020-01-21 09:00:00,0.9551003,-0.39443314,0.7728886782067895
2020-01-21 10:00:00,0.119297564,0.25929004,0.2134784361666155
2020-01-21 11:00:00,-0.47464758,0.78088635,0.6834954462878521
2020-01-21 12:00:00,-0.4716364,1.4027405,1.1068972810018045
2020-01-21 13:00:00,-0.40682006,1.6267805,1.2542221590655684
2020-01-21 14:00:00,-0.32617944,1.85705,1.4102453426994448
2020-01-21 15:00:00,-0.36511785,1.971117,1.4993785792000753
2020-01-21 16:00:00,0.017503735,1.9392443,1.4505189201029531
2020-01-21 17:00:00,0.7077734,1.4214363,1.1876710272887228
2020-01-21 18:00:00,1.38307,1.0194921,1.2851372870697944
2020-01-21 19:00:00,1.4677238,0.5482903,1.1718833754065237
2020-01-21 20:00:00,1.6097641,0.18241781,1.2117307685575995
2020-01-21 21:00:00,1.4628592,0.110354125,1.0972559376442943
2020-01-21 22:00:00,1.7478104,0.073628604,1.3084360839608848
2020-01-21 23:00:00,1.756319,-0.16976327,1.3197630437909404
2020-01-22 00:00:00,1.6230497,-0.29390055,1.233703973114788
2020-01-22 01:00:00,1.7135525,-0.58412546,1.354073372884164
2020-01-22 02:00:00,1.6231756,-0.7191828,1.3278866024930798
2020-01-22 03:00:00,1.4748878,-0.7076675,1.2235545749792842
2020-01-22 04:00:00,1.496871,-0.62981784,1.214653499489866
2020-01-22 05:00:00,1.6161938,-0.5927701,1.2875752801733278
2020-01-22 06:00:00,1.6580296,-0.6899647,1.3432154539238197
2020-01-22 07:00:00,1.7499638,-0.6612509,1.399213548955058
2020-01-22 08:00:00,1.5119324,-0.6412804,1.228367059404354
2020-01-22 09:00:00,0.96403795,-0.40544158,0.782226692800346
2020-01-22 10:00:00,0.9046317,0.256415,0.7032757388244951
2020-01-22 11:00:00,0.6301911,1.2480898,1.0457599684517083
2020-01-22 12:00:00,0.36085922,2.323062,1.758374942074521
2020-01-22 13:00:00,0.17792517,2.9852257,2.2367651305096286
2020-01-22 14:00:00,-0.15201843,2.8719587,2.1510917615043272
2020-01-22 15:00:00,-0.069895625,2.5750198,1.9266982412607656
2020-01-22 16:00:00,0.16591054,2.043192,1.5332375842553372
2020-01-22 17:00:00,0.49836284,1.2652979,1.0171431384330456
2020-01-22 18:00:00,1.4206285,0.59611046,1.1523140098564044
2020-01-22 19:00:00,1.7217388,0.28735244,1.305588392800559
2020-01-22 20:00:00,1.6676083,-0.061431475,1.2481354179893713
2020-01-22 21:00:00,1.5017128,-0.29971147,1.1453591200678461
2020-01-22 22:00:00,1.3303661,-0.5075168,1.0649960179444924
2020-01-22 23:00:00,1.0799818,-0.6255908,0.9335090286600202
2020-01-23 00:00:00,1.0329723,-0.87241465,1.0112949004678964
2020-01-23 01:00:00,1.0677576,-1.091382,1.1419968798252476
2020-01-23 02:00:00,1.2018185,-1.1897411,1.264867224510411
2020-01-23 03:00:00,1.291709,-1.189662,1.3134599352953757
2020-01-23 04:00:00,1.3487854,-1.0803185,1.2925300117566785
2020-01-23 05:00:00,1.4780474,-1.0329714,1.3487310264718666
2020-01-23 06:00:00,1.5756922,-1.0160913,1.402332962399786
2020-01-23 07:00:00,1.5179186,-0.93608165,1.3338561309483659
2020-01-23 08:00:00,1.4907904,-0.8301516,1.2762613429555647
2020-01-23 09:00:00,0.8927298,-0.39874566,0.7312975227349381
2020-01-23 10:00:00,0.4530574,0.14649177,0.35613849902253536
2020-01-23 11:00:00,0.22999251,0.62118083,0.4954362547285422
2020-01-23 12:00:00,-0.11712259,1.1367512,0.8547352850546548
2020-01-23 13:00:00,-0.62514114,1.9304953,1.5177350911582965
2020-01-23 14:00:00,-1.0737782,2.5458698,2.0666272192308353
2020-01-23 15:00:00,-1.0431938,2.7932339,2.230149906209686
2020-01-23 16:00:00,-0.53776187,2.7167702,2.0714366946047758
2020-01-23 17:00:00,-0.32159632,2.1185484,1.602723464927081
2020-01-23 18:00:00,-0.0050196536,1.4987764,1.1210177337644485
2020-01-23 19:00:00,0.41358835,0.6169445,0.5555397863487622
2020-01-23 20:00:00,0.9274841,-0.36697096,0.7460392733420256
2020-01-23 21:00:00,1.1565542,-0.63926095,0.9883918698717468
2020-01-23 22:00:00,1.113389,-0.88234466,1.0625558409838762
2020-01-23 23:00:00,1.066967,-1.1554575,1.1763300820643985
2020-01-24 00:00:00,1.2150774,-1.1910524,1.2726204556800111
2020-01-24 01:00:00,1.2353411,-1.141902,1.2582501688248344
2020-01-24 02:00:00,1.2528334,-1.1323576,1.2630909977067681
2020-01-24 03:00:00,1.3186255,-1.1609678,1.3140585901865252
2020-01-24 04:00:00,1.3996773,-1.2776852,1.4174759948173101
2020-01-24 05:00:00,1.5686655,-1.417655,1.581427033412158
2020-01-24 06:00:00,1.7150993,-1.4666309,1.6878808310118416
2020-01-24 07:00:00,1.6482649,-1.3867178,1.6110948415471864
2020-01-24 08:00:00,1.6398687,-1.3286295,1.578588939287539
2020-01-24 09:00:00,1.2051172,-0.90272754,1.126212798091622
2020-01-24 10:00:00,0.5776222,-0.4435439,0.544711040916339
2020-01-24 11:00:00,-0.24597043,-0.05184829,0.18801665654474295
2020-01-24 12:00:00,-0.7490187,0.58598906,0.7113058894364598
2020-01-24 13:00:00,-1.2359447,1.2233515,1.3006927820356857
2020-01-24 14:00:00,-1.9871416,1.7422266,1.976641723747119
2020-01-24 15:00:00,-2.3361568,2.1379566,2.3685955306437165
2020-01-24 16:00:00,-2.0270386,1.9089518,2.0826082490685844
2020-01-24 17:00:00,-1.2479601,1.1813517,1.2853003629495279
2020-01-24 18:00:00,-0.36249018,0.49670672,0.4599240493396114
2020-01-24 19:00:00,-0.6792484,0.09290743,0.5127749701648954
2020-01-24 20:00:00,-0.17319125,-0.6620648,0.5118548937330393
2020-01-24 21:00:00,0.24551827,-1.222352,0.9325194425127311
2020-01-24 22:00:00,0.6342276,-1.4631023,1.192721226168223
2020-01-24 23:00:00,1.0711861,-1.3731031,1.3025631484825189
2020-01-25 00:00:00,1.3871994,-1.0407248,1.297092561242697
2020-01-25 01:00:00,1.538949,-0.89254737,1.3306394104445274
2020-01-25 02:00:00,1.4672375,-0.8265392,1.259571125186062
2020-01-25 03:00:00,1.3908195,-0.7556934,1.1839031899172743
2020-01-25 04:00:00,1.5363789,-0.8956251,1.3301346980957722
2020-01-25 05:00:00,1.5580616,-0.92330086,1.3546053587170095
2020-01-25 06:00:00,1.5660887,-0.81561196,1.3206911262958165
2020-01-25 07:00:00,1.2713289,-0.71462595,1.0908213187481477
2020-01-25 08:00:00,1.2884846,-0.6926399,1.0941433969784624
2020-01-25 09:00:00,0.7695053,-0.33903235,0.6289380793384216
2020-01-25 10:00:00,0.46979135,0.6607971,0.606420331474903
2020-01-25 11:00:00,0.6187945,1.9915781,1.559848330804307
2020-01-25 12:00:00,0.61186725,2.9455833,2.2501822828978955
2020-01-25 13:00:00,0.4669034,3.4876032,2.631828741746079
2020-01-25 14:00:00,0.60709,4.1485786,3.135981723399343
2020-01-25 15:00:00,0.903432,4.3367634,3.3133224679355875
2020-01-25 16:00:00,0.7684774,3.7915154,2.8935312799440083
2020-01-25 17:00:00,0.49263436,2.7994175,2.126001024299287
2020-01-25 18:00:00,0.78097844,1.7561722,1.4375588633874767
2020-01-25 19:00:00,1.4149113,0.6364476,1.160418905928454
2020-01-25 20:00:00,1.3889637,0.03844342,1.0392747366315749
2020-01-25 21:00:00,1.3348598,-0.20427811,1.0100331874833999
2020-01-25 22:00:00,1.3436699,-0.3824196,1.0449102768391916
2020-01-25 23:00:00,1.2740612,-0.49196935,1.0215121888054053
2020-01-26 00:00:00,1.234312,-0.65402055,1.0447966657989916
2020-01-26 01:00:00,1.211216,-0.7122093,1.0509407825357475
2020-01-26 02:00:00,1.3515062,-0.75765985,1.158869890373548
2020-01-26 03:00:00,1.4785252,-0.8030535,1.2584555401133974
2020-01-26 04:00:00,1.4422331,-0.7813932,1.226870411520365
2020-01-26 05:00:00,1.430831,-0.79186296,1.2231513983773032
2020-01-26 06:00:00,1.409483,-0.8047519,1.2139565726388484
2020-01-26 07:00:00,1.3500872,-0.7652647,1.1607384757494952
2020-01-26 08:00:00,1.2096567,-0.67965287,1.0377932059233004
2020-01-26 09:00:00,0.5430866,-0.4093719,0.5086773444575925
2020-01-26 10:00:00,-0.18903494,-0.44626874,0.36249786178867927
2020-01-26 11:00:00,-0.8362585,-0.73179716,0.8311534806417602
2020-01-26 12:00:00,-1.4800577,-0.6166662,1.1992546040783632
2020-01-26 13:00:00,-1.9146547,-0.6130596,1.5036876555887573
2020-01-26 14:00:00,-1.9368963,-0.8053311,1.56893779824974
2020-01-26 15:00:00,-1.8861294,-1.0233393,1.604996927899161
2020-01-26 16:00:00,-1.9847183,-1.1920795,1.731657850855497
2020-01-26 17:00:00,-1.8429918,-1.0566998,1.5889750583456952
2020-01-26 18:00:00,-1.428256,-1.3092604,1.4491883614308874
2020-01-26 19:00:00,-0.7645493,-1.5550613,1.2960832016881412
2020-01-26 20:00:00,0.1520729,-1.7853823,1.340213963321176
2020-01-26 21:00:00,0.6578215,-1.5949535,1.2904282393981632
2020-01-26 22:00:00,0.94655,-1.2954426,1.2000194753388918
2020-01-26 23:00:00,0.98316383,-1.0810566,1.0929544936256175
2020-01-27 00:00:00,0.91592944,-1.071394,1.0542692808691077
2020-01-27 01:00:00,0.9065691,-1.1559105,1.098749202720156
2020-01-27 02:00:00,0.9602641,-1.2184944,1.160369802576937
2020-01-27 03:00:00,1.0918417,-1.2421169,1.2369430166620217
2020-01-27 04:00:00,1.2622852,-1.2485619,1.3279598515541047
2020-01-27 05:00:00,1.3683224,-1.2399807,1.381151607570923
2020-01-27 06:00:00,1.4270496,-1.2676029,1.4276440259958874
2020-01-27 07:00:00,1.4460926,-1.2240152,1.417045991566832
2020-01-27 08:00:00,1.4542694,-1.1953125,1.4079911268946967
2020-01-27 09:00:00,0.91021067,-0.7339149,0.8745318785853595
2020-01-27 10:00:00,0.10478693,-0.3650427,0.2840604197984889
2020-01-27 11:00:00,-0.81147283,-0.14474195,0.6165215084739469
2020-01-27 12:00:00,-1.02775,0.027590733,0.7689836805645612
2020-01-27 13:00:00,-1.06913,0.23083901,0.818083942735419
2020-01-27 14:00:00,-1.1902866,0.49140412,0.963162444336551
2020-01-27 15:00:00,-1.4241695,0.6912754,1.184061261027942
2020-01-27 16:00:00,-1.4907789,0.6553887,1.2180254456382673
2020-01-27 17:00:00,-1.0057917,0.501745,0.8406933160296999
2020-01-27 18:00:00,-0.3430822,-0.029482078,0.25755441054049105
2020-01-27 19:00:00,-0.011000123,-0.81670886,0.610913677315826
2020-01-27 20:00:00,0.76014656,-1.3834505,1.1806634801939855
2020-01-27 21:00:00,1.3001146,-1.3912001,1.424200916392102
2020-01-27 22:00:00,1.3004265,-1.1866865,1.3167622756899497
2020-01-27 23:00:00,1.3062973,-1.2206354,1.3372150911439236
2020-01-28 00:00:00,1.4154501,-1.2826319,1.4286929660214227
2020-01-28 01:00:00,1.492979,-1.3112841,1.4862321136286807
2020-01-28 02:00:00,1.50212,-1.284028,1.47804909056184
2020-01-28 03:00:00,1.3754463,-1.2836943,1.4072066002097054
2020-01-28 04:00:00,1.2888508,-1.3616171,1.4023110168402977
2020-01-28 05:00:00,1.3479967,-1.4696026,1.491562768674055
2020-01-28 06:00:00,1.5159674,-1.4764662,1.5827799581522426
2020-01-28 07:00:00,1.6767073,-1.3246527,1.598245961001361
2020-01-28 08:00:00,1.4618244,-1.2022095,1.4156321714012225
2020-01-28 09:00:00,0.892443,-0.77809507,0.8855836886352678
2020-01-28 10:00:00,0.2445305,-0.42397392,0.36607529032161873
2020-01-28 11:00:00,-0.65849316,0.08691728,0.49679260463772434
2020-01-28 12:00:00,-0.8285994,0.67397076,0.7988781151718083
2020-01-28 13:00:00,-0.72796935,1.1498318,1.0178876255611646
2020-01-28 14:00:00,-0.5101261,1.2137356,0.9847373739698548
2020-01-28 15:00:00,-0.28643936,1.075283,0.8323056080246205
2020-01-28 16:00:00,-0.52651525,1.0629148,0.8871993368067458
2020-01-28 17:00:00,-0.28886044,1.0309935,0.8008275074429666
2020-01-28 18:00:00,0.7312999,0.41091698,0.6274111606583115
2020-01-28 19:00:00,1.7356462,-0.28203934,1.3152064283647615
2020-01-28 20:00:00,2.1274137,-0.60280406,1.6538451580178044
2020-01-28 21:00:00,1.9153042,-0.58556014,1.4980081692473208
2020-01-28 22:00:00,1.7989883,-0.53323156,1.4034191211967362
2020-01-28 23:00:00,1.8965702,-0.68284947,1.5076849543065054
2020-01-29 00:00:00,1.9003143,-0.9691299,1.5955055870572683
2020-01-29 01:00:00,1.7632399,-1.1046009,1.556234028798396
2020-01-29 02:00:00,1.6779308,-1.1206436,1.5091743763021883
2020-01-29 03:00:00,1.6342545,-1.1265059,1.4846033881735627
2020-01-29 04:00:00,1.6082916,-1.1503267,1.4789498080107457
2020-01-29 05:00:00,1.618187,-1.232871,1.521579586165087
2020-01-29 06:00:00,1.6707859,-1.3459578,1.6047216355331215
2020-01-29 07:00:00,1.6571436,-1.3744488,1.6103083236868023
2020-01-29 08:00:00,1.5357523,-1.243845,1.478161285743996
2020-01-29 09:00:00,1.0476093,-0.74601007,0.9619291518693875
2020-01-29 10:00:00,0.56187916,-0.17308277,0.43974551424652464
2020-01-29 11:00:00,-0.111821294,0.7091643,0.5369736772893029
2020-01-29 12:00:00,-0.31176257,1.5460205,1.1796246807212898
2020-01-29 13:00:00,-0.4655403,1.9727898,1.5160780504076845
2020-01-29 14:00:00,-0.5465799,1.9320631,1.5018025837940525
2020-01-29 15:00:00,-0.5082093,1.7135811,1.3368538680005977
2020-01-29 16:00:00,-0.3119104,1.476265,1.1285504368521326
2020-01-29 17:00:00,0.38675398,1.0914516,0.866089020219531
2020-01-29 18:00:00,1.4115686,0.36537915,1.090580370148079
2020-01-29 19:00:00,1.7201166,-0.08703917,1.2882090993124624
2020-01-29 20:00:00,2.0588808,-0.49057454,1.5830528160681825
2020-01-29 21:00:00,1.8329134,-0.6359147,1.4510942911979194
2020-01-29 22:00:00,1.6045485,-0.74552023,1.3233400448637302
2020-01-29 23:00:00,1.5464411,-0.91543216,1.3441278167238746
2020-01-30 00:00:00,1.4802694,-1.0042124,1.3379003148646957
2020-01-30 01:00:00,1.4524307,-1.0964909,1.3611573656761558
2020-01-30 02:00:00,1.5331211,-1.2511244,1.4800688548388388
2020-01-30 03:00:00,1.5762424,-1.3574286,1.5558735308096512
2020-01-30 04:00:00,1.5725079,-1.4419365,1.595778082477594
2020-01-30 05:00:00,1.5742178,-1.4814386,1.6168242511259903
2020-01-30 06:00:00,1.5443153,-1.4586859,1.588876668623187
2020-01-30 07:00:00,1.4287167,-1.3383312,1.4642203535520912
2020-01-30 08:00:00,1.3747492,-1.2023973,1.3660491898075418
2020-01-30 09:00:00,0.994775,-0.70828295,0.9133710841672755
2020-01-30 10:00:00,0.41604537,-0.038490996,0.3125104866915991
2020-01-30 11:00:00,-0.14181751,0.8384518,0.6360283368721172
2020-01-30 12:00:00,-0.31946075,1.35886,1.0440699701918597
2020-01-30 13:00:00,-0.39426184,1.5948725,1.228795208185129
2020-01-30 14:00:00,-0.34969527,1.545639,1.1852810717163136
2020-01-30 15:00:00,-0.2786618,1.3785048,1.0519095601970894
2020-01-30 16:00:00,-0.115538895,1.2098818,0.9090492762117799
2020-01-30 17:00:00,0.3811828,0.9737436,0.7821283129122779
2020-01-30 18:00:00,1.369628,0.38044715,1.0632015383842492
2020-01-30 19:00:00,1.9953413,-0.12666845,1.495421852059912
2020-01-30 20:00:00,2.0129871,-0.57874346,1.5666069085878134
2020-01-30 21:00:00,1.879138,-0.6927286,1.4979636687357973
2020-01-30 22:00:00,1.7930117,-0.7494923,1.4535346281921837
2020-01-30 23:00:00,1.7441254,-0.8449492,1.4495423865584973
2020-01-31 00:00:00,1.7373915,-0.96359026,1.4859654005849798
2020-01-31 01:00:00,,-1.0314903,
2020-01-31 01:00:00,1.7430553,-1.0314903,1.5148943954197576
2020-01-31 02:00:00,,-1.0374241,
2020-01-31 02:00:00,1.7291403,-1.0374241,1.5082252795869053
2020-01-31 03:00:00,,-1.0626917,
2020-01-31 03:00:00,1.7132273,-1.0626917,1.5079074529279703
2020-01-31 04:00:00,,-1.1331081,
2020-01-31 04:00:00,1.6666508,-1.1331081,1.5073875096743197
2020-01-31 05:00:00,,-1.2267876,
2020-01-31 05:00:00,1.6009493,-1.2267876,1.5085723288450346
2020-01-31 06:00:00,,-1.3321133,
2020-01-31 06:00:00,1.5603027,-1.3321133,1.5344978506118152
2020-01-31 07:00:00,,-1.3007383,
2020-01-31 07:00:00,1.5951223,-1.3007383,1.5394598390758896
2020-01-31 08:00:00,,-1.1676321,
2020-01-31 08:00:00,1.5243702,-1.1676321,1.4361964073183302
2020-01-31 09:00:00,,-0.71706855,
2020-01-31 09:00:00,0.95404875,-0.71706855,0.8926652200970749
2020-01-31 10:00:00,,-0.16288173,
2020-01-31 10:00:00,0.23134494,-0.16288173,0.21161985199775882
2020-01-31 11:00:00,,0.16097367,
2020-01-31 11:00:00,-0.60857856,0.16097367,0.47084122509891724
2020-01-31 12:00:00,,0.2600999,
2020-01-31 12:00:00,-1.2267065,0.2600999,0.9379141862231024
2020-01-31 13:00:00,,0.25813937,
2020-01-31 13:00:00,-1.5326242,0.25813937,1.1624740719874769
2020-01-31 14:00:00,,0.21532112,
2020-01-31 14:00:00,-1.5611944,0.21532112,1.178750772433063
2020-01-31 15:00:00,,0.1595664,
2020-01-31 15:00:00,-1.506362,0.1595664,1.1329885749440458
2020-01-31 16:00:00,,0.11826879,
2020-01-31 16:00:00,-1.3504009,0.11826879,1.0139000772206062
2020-01-31 17:00:00,,0.20779973,
2020-01-31 17:00:00,-0.70960695,0.20779973,0.5530402780241596
2020-01-31 18:00:00,,-0.01820426,
2020-01-31 18:00:00,0.18758494,-0.01820426,0.14096348701807043
2020-01-31 19:00:00,,-0.70965636,
2020-01-31 19:00:00,0.62643147,-0.70965636,0.7080013878526429
2020-01-31 20:00:00,,-1.0836649,
2020-01-31 20:00:00,1.2527037,-1.0836649,1.238891512297428
2020-01-31 21:00:00,,-1.2447815,
2020-01-31 21:00:00,1.572711,-1.2447815,1.5001782136651647
2020-01-31 22:00:00,,-1.2236748,
2020-01-31 22:00:00,1.4808531,-1.2236748,1.436826630388864
2020-01-31 23:00:00,,-1.2572432,
2020-01-31 23:00:00,1.388814,-1.2572432,1.401179014025746
2020-02-01 00:00:00,1.3801537,-1.309782,1.4231433717707629
2020-02-01 00:00:00,,-1.309782,
2020-02-01 01:00:00,1.3982334,-1.2934208,1.424644390100162
2020-02-01 02:00:00,1.4142313,-1.3473072,1.4609548352684498
2020-02-01 03:00:00,1.3980188,-1.4256153,1.493438555346277
2020-02-01 04:00:00,1.3267488,-1.4843311,1.4890617209108195
2020-02-01 05:00:00,1.2913532,-1.5296345,1.4972805094947592
2020-02-01 06:00:00,1.3090839,-1.5672531,1.5273562172769373
2020-02-01 07:00:00,1.4644175,-1.5527782,1.5964224654871666
2020-02-01 08:00:00,1.3457527,-1.5193806,1.5180952183007514
2020-02-01 09:00:00,0.8192534,-1.0994015,1.0255005810948665
2020-02-01 10:00:00,-0.15110433,-0.95155036,0.7206308189030758
2020-02-01 11:00:00,-1.2781553,-1.0225344,1.2242790692702012
2020-02-01 12:00:00,-2.0887241,-0.9278531,1.7094699429501705
2020-02-01 13:00:00,-2.5101833,-0.8123853,1.9733708311770295
2020-02-01 14:00:00,-2.4523935,-0.9159827,1.9580408307117392
2020-02-01 15:00:00,-2.2441206,-1.2142687,1.9084519037368923
2020-02-01 16:00:00,-1.843463,-1.4873943,1.7716650550324697
2020-02-01 17:00:00,-1.2233925,-1.3209057,1.3466196001539337
2020-02-01 18:00:00,-0.60110915,-1.4579277,1.1795085051701313
2020-02-01 19:00:00,1.0348091,-2.0497541,1.717410650027487
2020-02-01 20:00:00,1.5926294,-1.5271444,1.6503534331717948
2020-02-01 21:00:00,1.4097414,-1.2037067,1.3864924521801807
2020-02-01 22:00:00,1.2232208,-1.1144037,1.237664648264468
2020-02-01 23:00:00,1.3269329,-1.1691656,1.322774085325491
2020-02-02 00:00:00,1.4879866,-1.2587299,1.4577382373140106
2020-02-02 01:00:00,1.56884,-1.2088938,1.4813743073362062
2020-02-02 02:00:00,1.5317259,-1.1527243,1.4338355578218802
2020-02-02 03:00:00,1.537364,-1.236146,1.4754830223143711
2020-02-02 04:00:00,1.7688265,-1.3860998,1.6808142933943695
2020-02-02 05:00:00,1.9798603,-1.3931084,1.8106901872559646
2020-02-02 06:00:00,1.964571,-1.3300686,1.7744927104041341
2020-02-02 07:00:00,1.6714077,-1.2685118,1.5694013101301185
2020-02-02 08:00:00,1.5620623,-1.2010021,1.473756810333914
2020-02-02 09:00:00,1.1330013,-0.79845226,1.0367200937831158
2020-02-02 10:00:00,0.5999678,-0.33512634,0.5140067582605545
2020-02-02 11:00:00,-0.16862291,0.37835175,0.3098212806380705
2020-02-02 12:00:00,-0.60974944,0.7471864,0.7213296648563927
2020-02-02 13:00:00,-0.88336796,0.94230926,0.9660695703575161
2020-02-02 14:00:00,-1.0870762,0.9227849,1.0665233296317072
2020-02-02 15:00:00,-1.1589317,0.8033793,1.0547279909331349
2020-02-02 16:00:00,-1.0636396,0.7740396,0.9839087096944168
2020-02-02 17:00:00,-0.5466649,0.9359856,0.810729145075546
2020-02-02 18:00:00,0.426301,0.33058524,0.4034911115556659
2020-02-02 19:00:00,1.5800219,-0.547596,1.250741139623738
2020-02-02 20:00:00,2.1298027,-0.8963268,1.7283110654816258
2020-02-02 21:00:00,2.1602745,-0.7750025,1.716611232360997
2020-02-02 22:00:00,2.012556,-0.6327393,1.5779358794823437
2020-02-02 23:00:00,2.0943117,-0.65150195,1.6404864576278224
2020-02-03 00:00:00,2.1351004,-0.7550393,1.693863627108909
2020-02-03 01:00:00,2.0573301,-0.9195696,1.6854999962969586
2020-02-03 02:00:00,1.92552,-1.0553465,1.6423246781685126
2020-02-03 03:00:00,1.8830137,-1.1536131,1.6516961191378752
2020-02-03 04:00:00,1.9186954,-1.1977806,1.691770532164096
2020-02-03 05:00:00,2.003828,-1.1996231,1.746817670448035
2020-02-03 06:00:00,2.0960712,-1.2451468,1.8235140920165807
2020-02-03 07:00:00,1.7880754,-1.2804346,1.6449358281216335
2020-02-03 08:00:00,1.6247625,-1.1766615,1.5004550234575045
2020-02-03 09:00:00,1.0489216,-0.7649675,0.9710155883470349
2020-02-03 10:00:00,0.46741366,-0.3057602,0.41775919039481246
2020-02-03 11:00:00,-0.494891,0.10057455,0.37772072155838754
2020-02-03 12:00:00,-1.1594925,0.2754603,0.8913810984044989
2020-02-03 13:00:00,-1.7032652,0.3353489,1.2984161803433767
2020-02-03 14:00:00,-2.1186714,0.1894831,1.590987480055467
2020-02-03 15:00:00,-2.4201794,-0.18827993,1.8156452651547912
2020-02-03 16:00:00,-2.4033222,-0.73705655,1.8802023308999112
2020-02-03 17:00:00,-1.8385572,-1.0632057,1.5885289031773202
2020-02-03 18:00:00,-0.9573532,-1.5892134,1.3876708380977953
2020-02-03 19:00:00,-0.00821235,-2.1346903,1.5966557088291367
2020-02-03 20:00:00,1.1969662,-1.9864244,1.734635467986921
2020-02-03 21:00:00,1.5130167,-1.4667082,1.576111006357254
2020-02-03 22:00:00,1.3722363,-1.345295,1.437322002761741
2020-02-03 23:00:00,1.2962523,-1.3271971,1.3875897499044523
2020-02-04 00:00:00,1.3499699,-1.2489452,1.3755556076386166
2020-02-04 01:00:00,1.4110861,-1.2073126,1.3890093084740895
2020-02-04 02:00:00,1.5275764,-1.3021545,1.5013329348872197
2020-02-04 03:00:00,1.7051163,-1.414485,1.657043238321955
2020-02-04 04:00:00,1.8997364,-1.454874,1.7897231260894346
2020-02-04 05:00:00,2.0235434,-1.4446526,1.8596399398616967
2020-02-04 06:00:00,2.1027994,-1.4545631,1.912404175421893
2020-02-04 07:00:00,1.5102692,-1.4754801,1.5792140620664024
2020-02-04 08:00:00,1.4248438,-1.4277353,1.5086764618369528
2020-02-04 09:00:00,1.1306572,-0.9005483,1.081138092312394
2020-02-04 10:00:00,0.52604324,-0.2227068,0.42726262637127554
2020-02-04 11:00:00,-0.37843877,0.9240898,0.7468874213255675
2020-02-04 12:00:00,-0.9471296,1.4949026,1.3236384977954756
2020-02-04 13:00:00,-1.3194485,1.5526943,1.5240233049884488
2020-02-04 14:00:00,-1.5813189,1.3722181,1.5659802065100643
2020-02-04 15:00:00,-1.6584921,1.1639519,1.5154788174948177
2020-02-04 16:00:00,-1.3813305,1.0530415,1.2991482229195512
2020-02-04 17:00:00,-0.48294652,1.0295429,0.8505607963097078
2020-02-04 18:00:00,0.8834225,0.5667221,0.7850313038333909
2020-02-04 19:00:00,1.6784353,-1.008604,1.4646148836906059
2020-02-04 20:00:00,1.8841419,-1.1775265,1.6618253266475362
2020-02-04 21:00:00,1.6328707,-1.1199303,1.480963988613359
2020-02-04 22:00:00,1.4801798,-1.0687752,1.3655408511939382
2020-02-04 23:00:00,1.4771366,-1.0476723,1.3545040350766628
2020-02-05 00:00:00,1.5858002,-1.032259,1.415253252160331
2020-02-05 01:00:00,1.7235069,-1.0380163,1.5048422485640556
2020-02-05 02:00:00,1.7933025,-1.0946703,1.5714516243456746
2020-02-05 03:00:00,1.858449,-1.1682005,1.641837797724264
2020-02-05 04:00:00,1.8758135,-1.2012472,1.6660467239652639
2020-02-05 05:00:00,1.9212112,-1.1860266,1.6887323570403812
2020-02-05 06:00:00,1.9582958,-1.140276,1.6949224538823675
2020-02-05 07:00:00,1.8826056,-1.0263891,1.6037714605100832
2020-02-05 08:00:00,1.8996162,-0.85606736,1.5584316192111913
2020-02-05 09:00:00,1.3552866,-0.40739375,1.0584951804736846
2020-02-05 10:00:00,0.9675321,0.5155885,0.8200047553968831
2020-02-05 11:00:00,0.6818779,1.5415859,1.2607901013433698
2020-02-05 12:00:00,-0.16838646,1.8511572,1.3902913571043642
2020-02-05 13:00:00,-0.6592358,2.033269,1.5987223447124324
2020-02-05 14:00:00,-0.86871326,2.0123997,1.639432180984475
2020-02-05 15:00:00,-0.8990179,1.7901392,1.4982995591677948
2020-02-05 16:00:00,-0.6510454,1.6239767,1.3086280849567742
2020-02-05 17:00:00,0.06258404,1.3047323,0.9769979604804913
2020-02-05 18:00:00,1.4138346,0.76991636,1.2041081728247705
2020-02-05 19:00:00,1.9677677,0.23065907,1.4818708618395606
2020-02-05 20:00:00,1.8143873,-0.04107757,1.3574206977732597
2020-02-05 21:00:00,1.5633364,-0.21671033,1.1804800666184803
2020-02-05 22:00:00,1.6254473,-0.4178015,1.2552742657151852
2020-02-05 23:00:00,1.7750101,-0.7674682,1.4464044024162666
2020-02-06 00:00:00,1.732768,-0.97751915,1.488033361521819
2020-02-06 01:00:00,1.6569605,-1.0204563,1.455499944382978
2020-02-06 02:00:00,1.682312,-1.0382938,1.4786422985402123
2020-02-06 03:00:00,1.6974993,-1.1177273,1.5201667334001343
2020-02-06 04:00:00,1.6399908,-1.1567297,1.5010529184781123
2020-02-06 05:00:00,1.6390419,-1.1658077,1.5043983077875844
2020-02-06 06:00:00,1.6790466,-1.17945,1.534721971006937
2020-02-06 07:00:00,1.6407204,-1.1516361,1.4993068916721062
2020-02-06 08:00:00,1.5311441,-1.035183,1.3823961368380389
2020-02-06 09:00:00,1.0636339,-0.68002844,0.9442436624694857
2020-02-06 10:00:00,0.5141038,-0.08809751,0.3901293437724633
2020-02-06 11:00:00,-0.1077674,0.76511157,0.5779148037571512
2020-02-06 12:00:00,-0.63669205,1.970356,1.5487607976825413
2020-02-06 13:00:00,-1.1539421,2.733241,2.2190574214663124
2020-02-06 14:00:00,-1.2942982,2.7172546,2.251156368126725
2020-02-06 15:00:00,-1.093811,2.3825464,1.9608518602486653
2020-02-06 16:00:00,-0.8531181,2.15524,1.7337096514253816
2020-02-06 17:00:00,-0.37177163,1.8967667,1.4456828074655383
2020-02-06 18:00:00,0.56940556,1.3775444,1.1148865669573673
2020-02-06 19:00:00,0.92708445,1.2291126,1.1515054573956753
2020-02-06 20:00:00,1.4791813,0.90117675,1.2955101692641018
2020-02-06 21:00:00,1.657773,0.77560884,1.3689303824741041
2020-02-06 22:00:00,1.574852,0.5371714,1.2445492190926621
2020-02-06 23:00:00,1.5637112,0.34423828,1.1975844994875475
2020-02-07 00:00:00,1.4970932,0.08017683,1.1213571217852336
2020-02-07 01:00:00,1.510745,-0.22377807,1.142292280535905
2020-02-07 02:00:00,1.654129,-0.576646,1.3102308437188188
2020-02-07 03:00:00,1.5820646,-0.748977,1.3092124688922036
2020-02-07 04:00:00,1.4916162,-0.8543916,1.2857154970737061
2020-02-07 05:00:00,1.3297901,-0.9027619,1.202160232913882
2020-02-07 06:00:00,1.125124,-0.8615226,1.0599090047689432
2020-02-07 07:00:00,0.95391107,-0.9044188,0.9831843867756674
2020-02-07 08:00:00,0.9417671,-0.7364539,0.8941972032970745
2020-02-07 09:00:00,0.3871091,-0.22684914,0.33559089284942306
2020-02-07 10:00:00,-0.54376066,0.57959825,0.5944257499624174
2020-02-07 11:00:00,-1.1231642,1.1198759,1.1863031797375998
2020-02-07 12:00:00,-1.4555826,1.5418682,1.585952316231859
2020-02-07 13:00:00,-1.6470232,1.6666021,1.7525449912401703
2020-02-07 14:00:00,-1.6767673,1.7293825,1.8016638025522194
2020-02-07 15:00:00,-1.5895567,1.760952,1.774338344142466
2020-02-07 16:00:00,-1.2459946,1.6993742,1.5760972876206878
2020-02-07 17:00:00,-0.64552826,1.4429264,1.1823172231600834
2020-02-07 18:00:00,0.22527349,0.9937155,0.762109915407677
2020-02-07 19:00:00,0.13865101,0.43933338,0.3445757283969971
2020-02-07 20:00:00,0.47942632,0.07613379,0.36308071717358964
2020-02-07 21:00:00,0.5045041,-0.13517356,0.39065411083002743
2020-02-07 22:00:00,0.36818248,-0.36998552,0.390404399901747
2020-02-07 23:00:00,0.3129201,-0.59232503,0.5010534960917906
2020-02-08 00:00:00,0.32500035,-0.7937333,0.6415126160602656
2020-02-08 01:00:00,0.48474342,-1.0107918,0.8384648979691322
2020-02-08 02:00:00,0.8060572,-1.3970966,1.206407578974398
2020-02-08 03:00:00,0.9461058,-1.2807484,1.1909656051757094
2020-02-08 04:00:00,0.8894152,-1.2072935,1.1215817608847631
2020-02-08 05:00:00,0.8224366,-1.014576,0.9768614118350935
2020-02-08 06:00:00,0.71271,-0.80190057,0.8024368609608774
2020-02-08 07:00:00,0.44400173,-0.8077642,0.6894228632543496
2020-02-08 08:00:00,0.32892042,-0.584978,0.5019570311726286
2020-02-08 09:00:00,0.0161568,-0.5221149,0.39070331267833913
2020-02-08 10:00:00,0.66525865,-0.9838099,0.8882847097789278
2020-02-08 11:00:00,0.28985506,-0.78953695,0.6290729024970113
2020-02-08 12:00:00,-0.9205725,-0.0360491,0.6890709305967098
2020-02-08 13:00:00,-2.0059233,0.44521612,1.5368430074353359
2020-02-08 14:00:00,-2.1156807,0.26730943,1.5950061730916019
2020-02-08 15:00:00,-1.5991116,-0.23502457,1.208906064672002
2020-02-08 16:00:00,-1.9882736,-0.16359437,1.4921567912578135
2020-02-08 17:00:00,-2.1632862,-0.17621982,1.6233916939495596
2020-02-08 18:00:00,-1.6619568,-0.6989333,1.3485141226450146
2020-02-08 19:00:00,-1.5692444,-0.8190486,1.3239723911496935
2020-02-08 20:00:00,-1.5022278,-0.6712985,1.2306761611938
2020-02-08 21:00:00,-0.6195584,-1.6619053,1.326592348351644
2020-02-08 22:00:00,0.35917163,-1.9190159,1.46025379606358
2020-02-08 23:00:00,0.7887885,-1.4777822,1.252907951511097
2020-02-09 00:00:00,0.6280089,-0.93495595,0.8424126899153617
2020-02-09 01:00:00,0.5600394,-0.646151,0.6395551394217889
2020-02-09 02:00:00,0.71009225,-0.79601926,0.7978494964629792
2020-02-09 03:00:00,0.9164363,-1.0787258,1.0586889873772858
2020-02-09 04:00:00,1.0628195,-1.3278561,1.2721297744998403
2020-02-09 05:00:00,1.1124544,-1.3409138,1.3031541450447017
2020-02-09 06:00:00,0.957976,-1.3300428,1.225985573774127
2020-02-09 07:00:00,1.1000566,-1.3031845,1.2755613191771713
2020-02-09 08:00:00,0.84044254,-1.1028395,1.0370925076373614
2020-02-09 09:00:00,0.44301283,-0.94272965,0.7790906158665801
2020-02-09 10:00:00,-0.20415616,-1.116602,0.8490083681872407
2020-02-09 11:00:00,-1.660428,-0.73493445,1.3581337441195374
2020-02-09 12:00:00,-2.7867193,-0.56157804,2.126230934455101
2020-02-09 13:00:00,-2.845849,-0.8783529,2.227633942323433
2020-02-09 14:00:00,-2.4484053,-1.1899204,2.0361034815382797
2020-02-09 15:00:00,-2.3776503,-1.3351784,2.0395793452880366
2020-02-09 16:00:00,-2.328804,-1.330142,2.005932544779396
2020-02-09 17:00:00,-2.1525059,-1.0869398,1.8035890201453715
2020-02-09 18:00:00,-1.619175,-0.7038794,1.320546497562469
2020-02-09 19:00:00,-0.49616724,-0.881778,0.7567677080800191
2020-02-09 20:00:00,0.3659411,-1.2059355,0.9425944248238354
2020-02-09 21:00:00,0.3649863,-1.2009954,0.9388514343348008
2020-02-09 22:00:00,-0.027948953,-1.2656364,0.94686492668174
2020-02-09 23:00:00,0.07523775,-1.1801538,0.8844893284674038
2020-02-10 00:00:00,0.6684307,-0.94315463,0.8646328158028832
2020-02-10 01:00:00,1.1986208,-0.81374896,1.0835947947994
2020-02-10 02:00:00,1.2018633,-0.8658709,1.107929343909596
2020-02-10 03:00:00,1.2369308,-0.9692288,1.1753551737062908
2020-02-10 04:00:00,1.1954908,-1.0771618,1.2035915339760914
2020-02-10 05:00:00,1.1928415,-1.1998816,1.2654719180065117
2020-02-10 06:00:00,1.2555094,-1.313611,1.3591071106264614
2020-02-10 07:00:00,1.258771,-1.196909,1.2991751547655157
2020-02-10 08:00:00,1.284071,-1.1803417,1.3045357817136278
2020-02-10 09:00:00,0.864516,-0.8556525,0.9097770069077739
2020-02-10 10:00:00,0.2534241,-0.4485516,0.38533805842712665
2020-02-10 11:00:00,-0.27643967,0.035201367,0.20843294419143618
2020-02-10 12:00:00,-0.8330311,0.5413485,0.7430731354024966
2020-02-10 13:00:00,-1.5109005,0.93805707,1.3301698208283965
2020-02-10 14:00:00,-1.8851318,1.0801535,1.6250437395894073
2020-02-10 15:00:00,-1.9965076,0.9891638,1.6665195624903293
2020-02-10 16:00:00,-1.9289436,0.7695304,1.5533272111529883
2020-02-10 17:00:00,-1.5123978,0.49603087,1.190486643897044
2020-02-10 18:00:00,-0.36011624,0.4392025,0.42480890811068095
2020-02-10 19:00:00,0.88977885,0.1281569,0.6723787291240959
2020-02-10 20:00:00,1.7745247,-0.41396528,1.3628943429203046
2020-02-10 21:00:00,1.9645195,-0.43327123,1.5046762176341024
2020-02-10 22:00:00,1.813487,-0.36015135,1.382889387821468
2020-02-10 23:00:00,1.7337494,-0.46675092,1.3429301418543755
2020-02-11 00:00:00,1.7390003,-0.7609633,1.419765469102049
2020-02-11 01:00:00,1.7149744,-0.9912658,1.4815747934008499
2020-02-11 02:00:00,1.7539663,-1.1503153,1.56884822214274
2020-02-11 03:00:00,1.875639,-1.197567,1.6644538626306362
2020-02-11 04:00:00,2.00568,-1.1776447,1.739625463083642
2020-02-11 05:00:00,2.0954685,-1.159605,1.791287725620627
2020-02-11 06:00:00,2.1196957,-1.1646509,1.8089783126948622
2020-02-11 07:00:00,2.0999603,-1.1750441,1.7998385341500502
2020-02-11 08:00:00,1.9524202,-1.0973606,1.6751674875231173
2020-02-11 09:00:00,1.2995005,-0.69657236,1.1027940700510865
2020-02-11 10:00:00,0.5047861,-0.09742284,0.3845226516588064
2020-02-11 11:00:00,-0.27816564,0.6722445,0.5441511269308843
2020-02-11 12:00:00,-0.9246063,1.0232372,1.031497827779697
2020-02-11 13:00:00,-1.6085634,1.0739145,1.4466171804473467
2020-02-11 14:00:00,-2.0189457,0.9591726,1.6718260596689423
2020-02-11 15:00:00,-2.2101974,0.7398227,1.7432732988005237
2020-02-11 16:00:00,-2.1481676,0.40625954,1.635204929971481
2020-02-11 17:00:00,-1.5745459,0.13689482,1.1821259337811674
2020-02-11 18:00:00,0.09551841,-0.053640842,0.08193771313027072
2020-02-11 19:00:00,1.3036165,-0.24370253,0.9919328637981003
2020-02-11 20:00:00,1.819315,-0.31871885,1.381481756431686
2020-02-11 21:00:00,1.640377,-0.26859158,1.2432599018175727
2020-02-11 22:00:00,1.6119776,-0.4266948,1.2472048116681014
2020-02-11 23:00:00,1.639327,-0.65682244,1.3208928001897096
2020-02-12 00:00:00,1.571331,-0.85019493,1.3362837492799333
2020-02-12 01:00:00,1.5401459,-0.92123646,1.3423014985438009
2020-02-12 02:00:00,1.4975653,-0.99873513,1.346348001827499
2020-02-12 03:00:00,1.4538946,-1.0051708,1.322029271492879
2020-02-12 04:00:00,1.4319677,-1.0000381,1.306370562148401
2020-02-12 05:00:00,1.4504442,-1.0068884,1.320639459952633
2020-02-12 06:00:00,1.4883785,-0.97332025,1.330138606406233
2020-02-12 07:00:00,1.5330324,-0.9308674,1.3414628081479214
2020-02-12 08:00:00,1.3629417,-0.74390435,1.1613741231559953
2020-02-12 09:00:00,0.6812562,-0.381302,0.5839295721545664
2020-02-12 10:00:00,0.29039365,0.27627128,0.2997915312285455
2020-02-12 11:00:00,-0.06909269,0.72730047,0.5464343239089757
2020-02-12 12:00:00,-0.2768923,1.013504,0.7858327828795812
2020-02-12 13:00:00,-0.32884455,1.4474573,1.1102152547349309
2020-02-12 14:00:00,-0.5223771,1.9129086,1.4831507615204247
2020-02-12 15:00:00,-0.7746436,2.2922869,1.8097714252917907
2020-02-12 16:00:00,-0.7999458,2.4445019,1.9237764992790078
2020-02-12 17:00:00,-0.42543048,2.2557678,1.7169476468755045
2020-02-12 18:00:00,0.63435197,1.5406542,1.2461901338420531
2020-02-12 19:00:00,0.89919496,1.2992172,1.1817903830537728
2020-02-12 20:00:00,1.35495,0.7397511,1.1546390550549441
2020-02-12 21:00:00,1.661933,0.22042799,1.2539304665411073
2020-02-12 22:00:00,1.7455845,-0.32652992,1.328258134452995
2020-02-12 23:00:00,1.7424488,-0.63924587,1.388202660782189
2020-02-13 00:00:00,1.6020966,-0.7058769,1.309443302462814
2020-02-13 01:00:00,1.3740425,-0.69336724,1.1511525822718631
2020-02-13 02:00:00,1.1723623,-0.72073376,1.0293205255015832
2020-02-13 03:00:00,1.1361485,-0.7599138,1.0223433214433764
2020-02-13 04:00:00,1.1679945,-0.9789375,1.1398660995203227
2020-02-13 05:00:00,1.2242174,-1.1678782,1.265485400309614
2020-02-13 06:00:00,1.2278175,-1.1801949,1.2738017002587516
2020-02-13 07:00:00,1.1276932,-1.1504726,1.2049394780700922
2020-02-13 08:00:00,0.82453674,-0.93320656,0.9314124306209727
2020-02-13 09:00:00,0.054200612,-0.4804777,0.36165311475682915
2020-02-13 10:00:00,-0.9616742,-0.05696267,0.7205459726122384
2020-02-13 11:00:00,-1.3105745,0.27422303,1.0014737760960168
2020-02-13 12:00:00,-1.3024731,0.54168564,1.0550775671406132
2020-02-13 13:00:00,-1.3016243,0.73631525,1.118527251221757
2020-02-13 14:00:00,-1.3113241,0.82150966,1.1573800512383972
2020-02-13 15:00:00,-1.245161,0.8270494,1.1180396901096503
2020-02-13 16:00:00,-1.0023279,0.70378584,0.9160418420084626
2020-02-13 17:00:00,-0.5494171,0.5081663,0.559761371752323
2020-02-13 18:00:00,0.38277876,0.28073406,0.3550453682314394
2020-02-13 19:00:00,0.6324613,-0.51697356,0.6109753005746139
2020-02-13 20:00:00,1.2007036,-0.7181538,1.0464458448789054
2020-02-13 21:00:00,1.3891115,-0.6588289,1.149921289196135
2020-02-13 22:00:00,1.3251591,-0.49454415,1.0579266227400153
2020-02-13 23:00:00,1.2420387,-0.38901126,0.9734835274238756
2020-02-14 00:00:00,1.2594929,-0.5432785,1.0259407579547908
2020-02-14 01:00:00,1.2541666,-0.8470913,1.1319783176678453
2020-02-14 02:00:00,1.1250725,-1.0979242,1.175789011377837
2020-02-14 03:00:00,1.2092562,-1.1914568,1.269727037530621
2020-02-14 04:00:00,1.32518,-1.2054443,1.339897146568319
2020-02-14 05:00:00,1.3559113,-1.2097483,1.3591294342856508
2020-02-14 06:00:00,1.4294977,-1.2215014,1.4063726427466254
2020-02-14 07:00:00,1.5871181,-1.2121668,1.4937113560894753
2020-02-14 08:00:00,1.4463177,-1.0502186,1.3368867308751795
2020-02-14 09:00:00,0.80281216,-0.5824346,0.7418443383856458
2020-02-14 10:00:00,0.10284507,-0.19931173,0.16775173038961302
2020-02-14 11:00:00,-0.6179637,0.19076788,0.48372921775515443
2020-02-14 12:00:00,-1.1233044,0.8515038,1.0542851041577739
2020-02-14 13:00:00,-1.5918274,1.3994083,1.5852784045685402
2020-02-14 14:00:00,-1.8710423,1.7602472,1.921414750257952
2020-02-14 15:00:00,-1.6532125,2.0004902,1.9410840253685202
2020-02-14 16:00:00,-1.0871058,1.9317389,1.657924946655426
2020-02-14 17:00:00,-0.5205947,1.5945358,1.2545891893750594
2020-02-14 18:00:00,0.23015052,1.2790937,0.9720630879008664
2020-02-14 19:00:00,0.9606424,1.2533121,1.1811057069325397
2020-02-14 20:00:00,1.5491333,0.9387455,1.3548152755980887
2020-02-14 21:00:00,1.7685776,0.55664974,1.3867839082841291
2020-02-14 22:00:00,1.6747837,-0.061267037,1.2534941756293927
2020-02-14 23:00:00,1.446063,-0.7867075,1.2312844665795981
2020-02-15 00:00:00,1.3411217,-1.0754728,1.2857905860237464
2020-02-15 01:00:00,1.2555943,-1.1566868,1.2768822294143374
2020-02-15 02:00:00,1.1187239,-1.0537338,1.1494862126601078
2020-02-15 03:00:00,1.1247597,-0.91633683,1.0851111487936682
2020-02-15 04:00:00,1.0799961,-1.0045395,1.1031939067520875
2020-02-15 05:00:00,1.1440353,-1.200592,1.2403902345699471
2020-02-15 06:00:00,1.359333,-1.4029474,1.4611005128656287
2020-02-15 07:00:00,1.3615189,-1.2685957,1.391886238075686
2020-02-15 08:00:00,1.1420736,-1.1295099,1.201416388249757
2020-02-15 09:00:00,0.4925474,-0.7165701,0.6503629702867499
2020-02-15 10:00:00,-0.46697992,-0.19732952,0.3791818265067532
2020-02-15 11:00:00,-1.2233,0.10091573,0.9180766065762578
2020-02-15 12:00:00,-1.5118942,0.25610346,1.146931974669386
2020-02-15 13:00:00,-1.9121609,0.50583625,1.47939911124416
2020-02-15 14:00:00,-2.13692,0.47877824,1.6379369625991758
2020-02-15 15:00:00,-2.1781387,0.22043955,1.637463229507576
2020-02-15 16:00:00,-2.1567497,-0.0041813143,1.613146307514923
2020-02-15 17:00:00,-1.9041538,-0.106970966,1.4264594913265252
2020-02-15 18:00:00,-1.0589361,-0.1641851,0.8014959592515374
2020-02-15 19:00:00,0.15575671,-0.59245485,0.45818514852966946
2020-02-15 20:00:00,0.82778543,-0.54175645,0.7399533984126088
2020-02-15 21:00:00,0.77422,-0.38962555,0.6482732613409663
2020-02-15 22:00:00,0.919766,-0.64481664,0.8401584997105451
2020-02-15 23:00:00,1.2263584,-1.0080833,1.1873795725147065
2020-02-16 00:00:00,1.1945591,-1.1181812,1.223831891967234
2020-02-16 01:00:00,0.98418474,-1.0870934,1.096811422659429
2020-02-16 02:00:00,1.0262346,-1.0192108,1.0818041760122932
2020-02-16 03:00:00,1.2842064,-1.0279484,1.2303428989777139
2020-02-16 04:00:00,1.5145769,-1.1521502,1.4233477909957217
2020-02-16 05:00:00,1.6969128,-1.1938725,1.5518577813671566
2020-02-16 06:00:00,1.7415714,-1.1898851,1.5776090883238363
2020-02-16 07:00:00,1.542429,-1.1011076,1.4174659720036595
2020-02-16 08:00:00,1.233449,-0.9803417,1.1784600426467546
2020-02-16 09:00:00,0.71198076,-0.5694127,0.6818867087362028
2020-02-16 10:00:00,-0.05160062,-0.16154057,0.12683887238927352
2020-02-16 11:00:00,-0.9308069,0.07096857,0.6982186290023097
2020-02-16 12:00:00,-1.4868822,0.30774546,1.1356858121274074
2020-02-16 13:00:00,-1.8770771,0.54842025,1.4626571436287596
2020-02-16 14:00:00,-2.2715406,0.5705224,1.7517698768443053
2020-02-16 15:00:00,-2.5321445,0.40197092,1.9176357942455733
2020-02-16 16:00:00,-2.5170736,0.07385641,1.8834581997208553
2020-02-16 17:00:00,-1.9427156,-0.33108813,1.474007096738854
2020-02-16 18:00:00,-0.29958308,-0.74555707,0.600975484185924
2020-02-16 19:00:00,0.7545038,-1.3950024,1.1862295516779808
2020-02-16 20:00:00,1.5313034,-1.3086224,1.506593787007998
2020-02-16 21:00:00,1.47966,-1.0323191,1.3494406518138473
2020-02-16 22:00:00,1.3604116,-1.0152569,1.2696381656514757
2020-02-16 23:00:00,1.2885275,-1.1027098,1.2684932542306437
2020-02-17 00:00:00,1.2467251,-1.1420088,1.264569951323231
2020-02-17 01:00:00,1.2762356,-1.1561546,1.2880123171998785
2020-02-17 02:00:00,1.3276901,-1.1732635,1.3252267191485285
2020-02-17 03:00:00,1.4301243,-1.145402,1.3704458160411703
2020-02-17 04:00:00,1.4669008,-1.1541147,1.3960419812923563
2020-02-17 05:00:00,1.4598436,-1.2042532,1.4154604468711365
2020-02-17 06:00:00,1.3943872,-1.2588367,1.4050705874596674
2020-02-17 07:00:00,1.3577518,-1.1586504,1.335037319971122
2020-02-17 08:00:00,1.1030836,-1.0228033,1.1251431916348895
2020-02-17 09:00:00,0.4991098,-0.63555044,0.6044235899513523
2020-02-17 10:00:00,-0.58976334,-0.277615,0.48754185265877475
2020-02-17 11:00:00,-1.3148842,-0.06124402,0.9845352626183316
2020-02-17 12:00:00,-1.7028131,-0.09026182,1.275408974966728
2020-02-17 13:00:00,-2.0496788,-0.12924683,1.5361043156221665
2020-02-17 14:00:00,-2.3585844,-0.15790677,1.7680549254481588
2020-02-17 15:00:00,-2.5473623,-0.27250588,1.9161733300395412
2020-02-17 16:00:00,-2.4610968,-0.5034542,1.8789006540361435
2020-02-17 17:00:00,-2.1075296,-0.71752053,1.6651811522181685
2020-02-17 18:00:00,-1.7733793,-1.107687,1.5638876667143637
2020-02-17 19:00:00,-2.1526976,-1.2025671,1.8443136540170812
2020-02-17 20:00:00,-1.7919598,-1.3484459,1.6773836560935482
2020-02-17 21:00:00,-1.0063686,-1.6778879,1.4634032540366932
2020-02-17 22:00:00,-0.19869614,-1.7532988,1.3197758740186394
2020-02-17 23:00:00,0.47563905,-1.607892,1.2541400662836366
2020-02-18 00:00:00,0.7903199,-1.2872028,1.1297519889868035
2020-02-18 01:00:00,0.8382055,-1.1222925,1.04770005680963
2020-02-18 02:00:00,0.8062676,-1.0571957,0.994445930196238
2020-02-18 03:00:00,0.79782903,-0.99591315,0.9544436484385298
2020-02-18 04:00:00,0.82894605,-0.9610435,0.9492663510304923
2020-02-18 05:00:00,0.9183514,-0.99265146,1.0114572676140887
2020-02-18 06:00:00,0.92505425,-1.0477524,1.0453965363673325
2020-02-18 07:00:00,1.0102501,-0.9576487,1.0411565661644249
2020-02-18 08:00:00,0.7530478,-0.8017925,0.8227299458664419
2020-02-18 09:00:00,-0.012120575,-0.4115855,0.30797927973609956
2020-02-18 10:00:00,-1.1334229,-0.23811,0.8662499717049481
2020-02-18 11:00:00,-1.7386465,-0.04754113,1.3009085843000938
2020-02-18 12:00:00,-2.1281633,0.10827863,1.593820993160771
2020-02-18 13:00:00,-2.5174026,0.15774554,1.8865870152633177
2020-02-18 14:00:00,-2.663103,0.15405977,1.9952010333231027
2020-02-18 15:00:00,-2.6012564,0.14808172,1.9487625060868705
2020-02-18 16:00:00,-2.3958282,0.11701894,1.7940985090093216
2020-02-18 17:00:00,-2.0286474,0.14043993,1.520960624310243
2020-02-18 18:00:00,-1.4556761,0.21502572,1.1005888258674623
2020-02-18 19:00:00,-1.3760862,-0.52581555,1.1018249324709213
2020-02-18 20:00:00,-1.3462248,-0.83118933,1.1833703819249397
2020-02-18 21:00:00,-1.2247334,-1.0125685,1.188575616938786
2020-02-18 22:00:00,-0.8613661,-1.1302147,1.0628636885089404
2020-02-18 23:00:00,-0.62110573,-0.9657472,0.8588224056406151
2020-02-19 00:00:00,-0.42710972,-0.80421174,0.6810788555667344
2020-02-19 01:00:00,-0.00906954,-0.8636066,0.6459710834941851
2020-02-19 02:00:00,0.30681437,-0.94098216,0.7402760476857586
2020-02-19 03:00:00,0.071529984,-1.0037823,0.752683866290454
2020-02-19 04:00:00,-0.15035647,-1.0973511,0.8284335445202814
2020-02-19 05:00:00,0.19747043,-1.2696037,0.9610191067846802
2020-02-19 06:00:00,0.48703057,-1.2525358,1.0051652004709408
2020-02-19 07:00:00,0.28634632,-1.1572275,0.8916535977373082
2020-02-19 08:00:00,-0.05170493,-0.9440588,0.7071680129357044
2020-02-19 09:00:00,-1.0086756,-0.4981603,0.8414333590101556
2020-02-19 10:00:00,-1.5382338,-0.315879,1.1745315162569765
2020-02-19 11:00:00,-1.6897736,0.10025078,1.2660902807073955
2020-02-19 12:00:00,-1.8950825,0.3866511,1.446630320038386
2020-02-19 13:00:00,-2.0581436,0.56695557,1.5967299348795383
2020-02-19 14:00:00,-1.7929993,0.6497637,1.4264192277132348
2020-02-19 15:00:00,-1.095829,0.789094,1.0100138443568705
2020-02-19 16:00:00,-0.1674912,0.44150037,0.3531849007380605
2020-02-19 17:00:00,0.67723846,-0.34455216,0.5683287077492031
2020-02-19 18:00:00,0.9548501,-1.1273413,1.105004250096968
2020-02-19 19:00:00,1.140378,-0.6035667,0.9650466820290096
2020-02-19 20:00:00,1.2233114,-0.7603129,1.077300542076634
2020-02-19 21:00:00,1.3302183,-0.8208114,1.169105696302111
2020-02-19 22:00:00,1.447691,-0.981884,1.3083597804003835
2020-02-19 23:00:00,1.4628563,-1.0777149,1.3590124865635813
2020-02-20 00:00:00,1.2919884,-1.2770166,1.3587217252525692
2020-02-20 01:00:00,1.4763193,-1.3384285,1.4904526671410112
2020-02-20 02:00:00,1.7139053,-1.3474302,1.6306430827905551
2020-02-20 03:00:00,2.0113754,-1.555171,1.9016482135061643
2020-02-20 04:00:00,2.0936642,-1.4677219,1.912421439053552
2020-02-20 05:00:00,1.9804897,-1.3005667,1.7721569049917845
2020-02-20 06:00:00,1.7209883,-1.078558,1.5191120053144078
2020-02-20 07:00:00,1.8090506,-0.4564082,1.395479558744808
2020-02-20 08:00:00,1.6746883,-0.46808213,1.3005924899278898
2020-02-20 09:00:00,0.9393328,-0.24184293,0.7254871268873321
2020-02-20 10:00:00,0.36260313,0.18253332,0.30363446090644525
2020-02-20 11:00:00,0.20772904,0.029249277,0.15690379765231055
2020-02-20 12:00:00,0.22251797,-0.35773188,0.31510526602384237
2020-02-20 13:00:00,0.6405035,-0.4871837,0.6018997568411653
2020-02-20 14:00:00,0.706597,-0.007722914,0.52853152993565
2020-02-20 15:00:00,0.6194784,1.0397663,0.9052579743696195
2020-02-20 16:00:00,1.1745405,2.50801,2.0713868865694502
2020-02-20 17:00:00,0.7411921,2.1947021,1.732614297910187
2020-02-20 18:00:00,-0.12304151,0.128344,0.13298266285159616
2020-02-20 19:00:00,-1.1526575,-0.61495394,0.9771538328222089
2020-02-20 20:00:00,-0.4024034,-1.9044628,1.4558953883370112
2020-02-20 21:00:00,0.84761554,-2.0618877,1.667416503087828
2020-02-20 22:00:00,1.4852715,-1.4664965,1.5611663676123237
2020-02-20 23:00:00,1.5780067,-1.209549,1.4871091894771746
2020-02-21 00:00:00,1.7419271,-1.3013887,1.6263289050859806
2020-02-21 01:00:00,1.9642067,-1.4098139,1.808384707057076
2020-02-21 02:00:00,2.0632582,-1.4605141,1.890724399316739
2020-02-21 03:00:00,2.1635742,-1.5609035,1.9954282381861659
2020-02-21 04:00:00,2.2523642,-1.620368,2.0753097489926566
2020-02-21 05:00:00,2.385909,-1.5647736,2.13409702427494
2020-02-21 06:00:00,2.4234962,-1.5122185,2.136593796323076
2020-02-21 07:00:00,2.227727,-1.5601473,2.0342106196999206
2020-02-21 08:00:00,2.0857964,-1.5144815,1.9279446657865578
2020-02-21 09:00:00,1.4995623,-1.2114019,1.441855231492877
2020-02-21 10:00:00,1.2654486,-1.2076826,1.3083495286895832
2020-02-21 11:00:00,1.1071625,-1.477951,1.381210299111237
2020-02-21 12:00:00,0.12898308,-1.6579237,1.2437928541459702
2020-02-21 13:00:00,-0.5376918,-1.5801859,1.2484510884019755
2020-02-21 14:00:00,-1.1550875,-1.1927986,1.2419131548739148
2020-02-21 15:00:00,-1.8381271,-0.94283426,1.5451387229492446
2020-02-21 16:00:00,-2.4329853,-0.8720645,1.9331191561640042
2020-02-21 17:00:00,-2.6588173,-0.973376,2.117741306596171
2020-02-21 18:00:00,-1.9951067,-1.3365736,1.7961542805371413
2020-02-21 19:00:00,-0.748823,-2.0902138,1.6606753349106134
2020-02-21 20:00:00,0.75284654,-1.941246,1.5573221641136774
2020-02-21 21:00:00,1.200305,-1.3322849,1.341256930379051
2020-02-21 22:00:00,1.182436,-1.0418062,1.1787089759469411
2020-02-21 23:00:00,1.4276028,-1.1994648,1.3946360539545788
2020-02-22 00:00:00,1.9185381,-1.3703814,1.7634417414259669
2020-02-22 01:00:00,2.2764912,-1.3988981,1.9984894409027536
2020-02-22 02:00:00,2.4592724,-1.2966623,2.0794323018717304
2020-02-22 03:00:00,2.5124798,-1.248147,2.098322802641974
2020-02-22 04:00:00,2.5382948,-1.305996,2.1350781720736305
2020-02-22 05:00:00,2.5737247,-1.3499584,2.1737531106337866
2020-02-22 06:00:00,2.5576105,-1.3584976,2.166075522621199
2020-02-22 07:00:00,2.3661718,-1.3235197,2.0278267658990665
2020-02-22 08:00:00,2.167922,-1.2163687,1.8592924375196425
2020-02-22 09:00:00,1.5684929,-0.9087525,1.3558356217006564
2020-02-22 10:00:00,1.1828394,-0.5457217,0.9743254135859618
2020-02-22 11:00:00,0.7936647,-0.22390026,0.6167921171633975
2020-02-22 12:00:00,-0.042229168,-0.24177653,0.1835746702321136
2020-02-22 13:00:00,-0.5894476,-0.3541124,0.514318524815438
2020-02-22 14:00:00,-0.9625688,-0.2069146,0.7364004284630163
2020-02-22 15:00:00,-1.4311447,-0.06196004,1.0714289478286927
2020-02-22 16:00:00,-1.8383923,-0.14958167,1.37957153303073
2020-02-22 17:00:00,-2.080449,-0.488778,1.5984420418980925
2020-02-22 18:00:00,-1.6519547,-1.1159983,1.4911087622060555
2020-02-22 19:00:00,-0.042225238,-1.2018232,0.8994596225689633
2020-02-22 20:00:00,1.4161243,-1.7127972,1.662249923381431
2020-02-22 21:00:00,1.7846212,-1.389369,1.6916297563686558
2020-02-22 22:00:00,1.7012568,-1.3315506,1.6158688932993563
2020-02-22 23:00:00,2.1539783,-1.5640106,1.9909766333785235
2020-02-23 00:00:00,2.5500603,-1.6509676,2.272159330218766
2020-02-23 01:00:00,2.711009,-1.6131048,2.359507318938149
2020-02-23 02:00:00,2.74541,-1.5789566,2.368819014779081
2020-02-23 03:00:00,2.7899132,-1.525053,2.378131852142391
2020-02-23 04:00:00,2.7941542,-1.5245695,2.3807424540411612
2020-02-23 05:00:00,2.7142372,-1.5237894,2.3281613100304117
2020-02-23 06:00:00,2.6413221,-1.5641975,2.2960144689026647
2020-02-23 07:00:00,2.4916391,-1.5281973,2.18622562186501
2020-02-23 08:00:00,2.2457933,-1.4357405,1.9936703516422514
2020-02-23 09:00:00,1.7010708,-1.0871105,1.509944672079911
2020-02-23 10:00:00,1.4053612,-0.7168999,1.1800064211819206
2020-02-23 11:00:00,1.2122154,-0.24291712,0.9247031883564885
2020-02-23 12:00:00,0.37454027,0.15368485,0.3028042288826445
2020-02-23 13:00:00,-0.3806345,0.24812794,0.33984487469342906
2020-02-23 14:00:00,-1.0025196,0.2352969,0.7702117477380441
2020-02-23 15:00:00,-1.3719454,0.20022184,1.0370181607754734
2020-02-23 16:00:00,-1.7663898,-0.07467574,1.3223532931312152
2020-02-23 17:00:00,-2.010786,-0.41146588,1.5351346869940345
2020-02-23 18:00:00,-1.7461138,-0.9293012,1.4794529076548846
2020-02-23 19:00:00,-0.5669995,-1.3833942,1.1182476559699166
2020-02-23 20:00:00,0.868681,-1.8281717,1.5138977967188914
2020-02-23 21:00:00,1.6135721,-1.3701658,1.5832852969532956
2020-02-23 22:00:00,1.5130091,-1.0149183,1.3626789372092236
2020-02-23 23:00:00,1.5425272,-0.9495875,1.354825501488884
2020-02-24 00:00:00,1.6910648,-1.0021725,1.4702614012707549
2020-02-24 01:00:00,1.8908854,-1.1605282,1.6594189409175797
2020-02-24 02:00:00,2.0665197,-1.2775669,1.8171795829466546
2020-02-24 03:00:00,2.249278,-1.1837177,1.9010967627695738
2020-02-24 04:00:00,2.2735472,-1.2594194,1.943975648357057
2020-02-24 05:00:00,2.3237333,-1.291358,1.9883885177041016
2020-02-24 06:00:00,2.38546,-1.3244152,2.0407546731663317
2020-02-24 07:00:00,2.380745,-1.233984,2.005661586012897
2020-02-24 08:00:00,2.139327,-1.0657558,1.7876743806609487
2020-02-24 09:00:00,1.4099817,-0.55097723,1.1322567222942916
2020-02-24 10:00:00,0.9344803,0.40820795,0.7627220524152265
2020-02-24 11:00:00,0.7747565,1.3887653,1.189434303721888
2020-02-24 12:00:00,0.064630926,1.4497356,1.0854083411783437
2020-02-24 13:00:00,-0.6618281,1.2934828,1.0867484962553098
2020-02-24 14:00:00,-1.3190718,1.1243525,1.296378263976579
2020-02-24 15:00:00,-1.627676,1.1227598,1.478962152160887
2020-02-24 16:00:00,-1.5526237,1.1377411,1.4397029077768893
2020-02-24 17:00:00,-1.0125237,0.9272892,1.0269205874478504
2020-02-24 18:00:00,0.38038367,0.5280573,0.4867640224831144
2020-02-24 19:00:00,1.4305887,0.31846547,1.0962024513804274
2020-02-24 20:00:00,1.5821247,0.074674904,1.1846692552015305
2020-02-24 21:00:00,1.6372032,-0.11294961,1.2274585845738446
2020-02-24 22:00:00,1.638855,-0.37018192,1.2566647185638218
2020-02-24 23:00:00,1.5472593,-0.423531,1.1998473325104617
2020-02-25 00:00:00,1.5303421,-0.5260074,1.2103481825805877
2020-02-25 01:00:00,1.385953,-0.5749999,1.1222981572688333
2020-02-25 02:00:00,1.1970339,-0.6174682,1.007420149951823
2020-02-25 03:00:00,1.06738,-0.69832957,0.9540303305146112
2020-02-25 04:00:00,1.1864319,-0.8267152,1.0815793045816373
2020-02-25 05:00:00,1.3357439,-0.92250675,1.2141783742365237
2020-02-25 06:00:00,1.3173494,-0.93170553,1.2068428131810929
2020-02-25 07:00:00,1.0161133,-0.9922602,1.0622660542172857
2020-02-25 08:00:00,0.94545907,-0.79639226,0.9245998885793666
2020-02-25 09:00:00,0.52777904,-0.42099106,0.5049551670693665
2020-02-25 10:00:00,0.366391,0.6349928,0.5483344546891877
2020-02-25 11:00:00,0.102675796,1.6042929,1.2023875775449477
2020-02-25 12:00:00,-0.34731984,2.0001945,1.5184345067115226
2020-02-25 13:00:00,-1.1130562,2.0380611,1.7368878712162972
2020-02-25 14:00:00,-1.2971258,1.9058638,1.7243236351586146
2020-02-25 15:00:00,-1.0904951,1.810667,1.5809383517944697
2020-02-25 16:00:00,-1.02631,1.6896257,1.4786270683594473
2020-02-25 17:00:00,-0.9894512,1.3785305,1.2691740405172967
2020-02-25 18:00:00,-0.97880405,0.73071784,0.9136049953150225
2020-02-25 19:00:00,-0.5437614,-0.11767018,0.41612081863044537
2020-02-25 20:00:00,-1.1802101,-0.84123397,1.0840312999605857
2020-02-25 21:00:00,-1.7447901,-1.2663317,1.6125048622762865
2020-02-25 22:00:00,-1.7286663,-1.5008984,1.7122988692847432
2020-02-25 23:00:00,-0.79312295,-1.5551891,1.3057386282621384
2020-02-26 00:00:00,-0.39316678,-1.1961784,0.9417719771283243
2020-02-26 01:00:00,0.0005777455,-0.92641276,0.6929115555420873
2020-02-26 02:00:00,0.5833335,-1.0450373,0.8951636637276841
2020-02-26 03:00:00,0.7952252,-1.181654,1.0653221430581485
2020-02-26 04:00:00,0.6262618,-1.1002007,0.9468733547240371
2020-02-26 05:00:00,0.6959365,-1.199481,1.0372229725605298
2020-02-26 06:00:00,0.7514548,-1.2180748,1.0704824852156491
2020-02-26 07:00:00,0.5155581,-1.3356876,1.0708668270321167
2020-02-26 08:00:00,0.48200327,-1.1357203,0.9227993658129634
2020-02-26 09:00:00,0.044836782,-0.8966772,0.671508597026893
2020-02-26 10:00:00,-0.49787867,-0.66680074,0.6224222148734039
2020-02-26 11:00:00,-1.8888979,-0.343732,1.4360050871377283
2020-02-26 12:00:00,-2.9466457,-0.44955677,2.2294491228000783
2020-02-26 13:00:00,-3.1082363,-0.7919883,2.3990906416550963
2020-02-26 14:00:00,-2.976717,-0.9846225,2.3450771762294536
2020-02-26 15:00:00,-2.6954145,-1.1085443,2.1798802968587125
2020-02-26 16:00:00,-2.3220463,-1.1944485,1.9530843110240206
2020-02-26 17:00:00,-2.020605,-1.2346973,1.7711321074416002
2020-02-26 18:00:00,-1.6523962,-1.1180849,1.4922565080674164
2020-02-26 19:00:00,-1.1464996,-1.1315536,1.2048456606825884
2020-02-26 20:00:00,-0.561725,-1.3999262,1.1282237229680736
2020-02-26 21:00:00,-0.5072082,-1.5124311,1.1931421315369475
2020-02-26 22:00:00,-0.76745266,-1.6211147,1.3415241292468285
2020-02-26 23:00:00,-0.4909078,-1.5766087,1.2350675194337863
2020-02-27 00:00:00,0.024665486,-1.5253134,1.1410089346412566
2020-02-27 01:00:00,0.500428,-1.4657516,1.158444652019605
2020-02-27 02:00:00,0.65883934,-1.2513113,1.0577226912913458
2020-02-27 03:00:00,0.6546753,-1.2380342,1.0474863358607256
2020-02-27 04:00:00,0.6867725,-1.3314753,1.1205502525328745
2020-02-27 05:00:00,0.7286733,-1.3955202,1.1775043460411478
2020-02-27 06:00:00,0.77117276,-1.4336605,1.2175967844964248
2020-02-27 07:00:00,0.79317343,-1.3561716,1.175098867904424
2020-02-27 08:00:00,0.6935238,-1.1126747,0.9806492374966689
2020-02-27 09:00:00,-0.045212545,-0.69990957,0.5245892194387978
2020-02-27 10:00:00,-0.86051214,-0.36028552,0.6977572983277667
2020-02-27 11:00:00,-1.3515558,0.05905077,1.0118620230521538
2020-02-27 12:00:00,-1.764924,0.45415407,1.3630806222149263
2020-02-27 13:00:00,-1.9590664,0.68277925,1.5517287683670655
2020-02-27 14:00:00,-1.8623829,0.8131454,1.5199564775524395
2020-02-27 15:00:00,-1.5559664,0.9514046,1.3641040636179451
2020-02-27 16:00:00,-1.1355972,1.0223045,1.142845655874057
2020-02-27 17:00:00,-0.53889006,0.92945904,0.8035851432818232
2020-02-27 18:00:00,0.6140868,0.48546934,0.585499564093885
2020-02-27 19:00:00,1.4022589,-0.03145443,1.0490848616002564
2020-02-27 20:00:00,1.7731047,-0.49445528,1.3767961470632606
2020-02-27 21:00:00,1.7331429,-0.7735791,1.4195726793916705
2020-02-27 22:00:00,1.4915991,-0.95428157,1.3244270956491035
2020-02-27 23:00:00,1.4477301,-1.0767584,1.3494934003591645
2020-02-28 00:00:00,1.4574423,-1.091176,1.3617646680990825
2020-02-28 01:00:00,1.538784,-1.1336098,1.4295314391247118
2020-02-28 02:00:00,1.6280289,-1.1454391,1.4888752581932352
2020-02-28 03:00:00,1.6974115,-1.1698523,1.5418971466728901
2020-02-28 04:00:00,1.7597361,-1.1662302,1.5790031778562692
2020-02-28 05:00:00,1.7933578,-1.1600246,1.5974998044812128
2020-02-28 06:00:00,1.785985,-1.1568937,1.591597972980272
2020-02-28 07:00:00,1.7479849,-1.1886835,1.5810666106553894
2020-02-28 08:00:00,1.437191,-0.9269819,1.279152368435127
2020-02-28 09:00:00,0.7044856,-0.3913285,0.6027566708477382
2020-02-28 10:00:00,-0.06457114,0.23315531,0.1809528951908799
2020-02-28 11:00:00,-0.62857294,0.66500115,0.6844183424770439
2020-02-28 12:00:00,-1.2224197,1.0588703,1.2096282237405178
2020-02-28 13:00:00,-1.7073259,1.334074,1.6206074201188605
2020-02-28 14:00:00,-1.8616829,1.5244455,1.7997197115712855
2020-02-28 15:00:00,-1.8287725,1.6793585,1.8570668669652475
2020-02-28 16:00:00,-1.5131693,1.8809881,1.8056161111995084
2020-02-28 17:00:00,-0.87738866,2.0402231,1.6611118176226718
2020-02-28 18:00:00,-0.019771356,1.7586613,1.3154757106639428
2020-02-28 19:00:00,0.49846828,1.7958498,1.393990418818227
2020-02-28 20:00:00,1.1254597,0.84796214,1.0539740742542545
2020-02-28 21:00:00,1.4910307,-0.07851541,1.116763142270654
2020-02-28 22:00:00,1.6945734,-0.7682571,1.3916308560185036
2020-02-28 23:00:00,1.7030315,-1.046361,1.4950020391377612
2020-02-29 00:00:00,1.6967182,-1.0623398,1.4972886799341738
2020-02-29 01:00:00,1.6213427,-0.99217296,1.4217287284464337
2020-02-29 02:00:00,1.5880098,-1.0078764,1.4067824557531023
2020-02-29 03:00:00,1.4381266,-1.0199108,1.3186922772311316
2020-02-29 04:00:00,1.2390184,-0.805508,1.1053517122453735
2020-02-29 05:00:00,1.2235918,-0.56609035,1.0083854046691811
2020-02-29 06:00:00,1.3822994,-0.3169102,1.060715876166185
2020-02-29 07:00:00,1.713481,0.07163012,1.2827192677587818
2020-02-29 08:00:00,0.93869424,-0.2024697,0.7182436958670364
2020-02-29 09:00:00,-0.45484465,0.6349688,0.5842015300064235
2020-02-29 10:00:00,-0.8818194,0.8048014,0.8929517220720105
2020-02-29 11:00:00,-0.9652689,0.96590406,1.0213612805894399
2020-02-29 12:00:00,-1.3912563,1.3998013,1.4761450192126848
2020-02-29 13:00:00,-1.8289261,1.8933907,1.9689588383204735
2020-02-29 14:00:00,-1.8893814,2.3246546,2.2405824225687536
2020-02-29 15:00:00,-1.6215754,2.5142221,2.23771407523037
2020-02-29 16:00:00,-1.2067175,2.4076033,2.014297732377587
2020-02-29 17:00:00,-0.92689013,2.038437,1.674867767990664
2020-02-29 18:00:00,-0.5446216,1.5239458,1.210438945219467
2020-02-29 19:00:00,0.3140962,1.1280613,0.8758308171648415
2020-02-29 20:00:00,0.5233754,0.8770512,0.7639142435238847
2020-02-29 21:00:00,0.29618585,0.55821157,0.47264721017844913
2020-02-29 22:00:00,-0.24428356,0.30861282,0.2943891449601303
2020-02-29 23:00:00,-0.60910934,0.017609913,0.4557743455343984
